threshold	resolution	n_records	n_communities	share_of_published_in_graph	ami_vs_published	retention_c0	jaccard_c0	retention_c2	jaccard_c2	retention_c4	jaccard_c4	retention_c7	jaccard_c7	retention_c11	jaccard_c11	retention_c17	jaccard_c17	retention_c21	jaccard_c21
0.55	0.5	6508	476	1.0	0.8334	1.0	0.7903	1.0	0.9966	1.0	0.1626	1.0	0.6321	1.0	0.3688	1.0	1.0	1.0	0.0796
0.55	1.0	6508	481	1.0	0.8607	1.0	0.8403	1.0	0.9966	1.0	0.1626	1.0	0.6321	1.0	0.3688	1.0	1.0	1.0	0.0943
0.55	2.0	6508	486	1.0	0.885	0.9932	0.9416	1.0	0.9966	1.0	0.1788	1.0	0.6321	1.0	0.3688	1.0	1.0	1.0	0.1198
0.6	0.5	6004	551	1.0	0.9466	1.0	0.9605	1.0	0.9966	1.0	0.3444	1.0	0.7976	1.0	0.686	1.0	1.0	1.0	0.192
0.6	1.0	6004	553	1.0	0.9502	1.0	0.9685	1.0	0.9966	1.0	0.4043	1.0	0.7976	1.0	0.686	1.0	1.0	1.0	0.192
0.6	2.0	6004	555	1.0	0.9546	1.0	0.9717	1.0	0.9966	1.0	0.4043	1.0	0.7976	1.0	0.686	1.0	1.0	1.0	0.4778
0.65	0.5	5585	586	1.0	0.9996	1.0	0.9966	1.0	1.0	1.0	1.0	1.0	1.0	1.0	1.0	1.0	1.0	1.0	1.0
0.65	1.0	5585	587	1.0	1.0	1.0	1.0	1.0	1.0	1.0	1.0	1.0	1.0	1.0	1.0	1.0	1.0	1.0	1.0
0.65	2.0	5585	587	1.0	1.0	1.0	1.0	1.0	1.0	1.0	1.0	1.0	1.0	1.0	1.0	1.0	1.0	1.0	1.0
0.7	0.5	5154	585	0.9228	0.9778	0.9932	0.9932	1.0	1.0	0.2258	0.2258	0.8358	0.8358	0.2881	0.2881	1.0	1.0	0.907	0.907
0.7	1.0	5154	585	0.9228	0.9778	0.9932	0.9932	1.0	1.0	0.2258	0.2258	0.8358	0.8358	0.2881	0.2881	1.0	1.0	0.907	0.907
0.7	2.0	5154	1155	0.9228	0.8475	0.0137	0.0137	1.0	1.0	0.2258	0.2258	0.8358	0.8358	0.2881	0.2881	1.0	1.0	0.907	0.907
0.75	0.5	4718	550	0.8448	0.9701	0.9932	0.9932	1.0	1.0	0.129	0.129	0.6567	0.6567	0.2034	0.2034	1.0	1.0	0.907	0.907
0.75	1.0	4718	550	0.8448	0.9701	0.9932	0.9932	1.0	1.0	0.129	0.129	0.6567	0.6567	0.2034	0.2034	1.0	1.0	0.907	0.907
0.75	2.0	4718	1129	0.8448	0.8248	0.0017	0.0017	1.0	1.0	0.129	0.129	0.6567	0.6567	0.2034	0.2034	1.0	1.0	0.907	0.907
