film_ref	tfidf_community_id
(filmRef)0142	14
(filmRef)0186	14
(filmRef)2417	14
(filmRef)0593	1
(filmRef)3849	1
(filmRef)0646B	2
(filmRef)3562	2
(filmRef)N0105	2
(filmRef)0675	13
(filmRef)0676	13
(filmRef)0678	13
(filmRef)0681	13
(filmRef)0685	13
(filmRef)0686	13
(filmRef)0701	13
(filmRef)0994	13
(filmRef)0999	13
(filmRef)1002	13
(filmRef)1003	13
(filmRef)1006	13
(filmRef)1007	13
(filmRef)1012	13
(filmRef)1018	13
(filmRef)1019	13
(filmRef)1032	13
(filmRef)1034	13
(filmRef)1035	13
(filmRef)15969	4
(filmRef)0680	13
(filmRef)0682	13
(filmRef)0971	13
(filmRef)1014	13
(filmRef)1015	13
(filmRef)1017	13
(filmRef)1023	13
(filmRef)1025	13
(filmRef)1054	13
(filmRef)1056	13
(filmRef)18377	5
(filmRef)18415	5
(filmRef)0996	13
(filmRef)1016	13
(filmRef)15185	4
(filmRef)17978	13
(filmRef)17979	13
(filmRef)17980	13
(filmRef)18508	13
(filmRef)15112	5
(filmRef)0870A	2
(filmRef)0870C	2
(filmRef)5247	2
(filmRef)5267	2
(filmRef)5277	2
(filmRef)T0334	2
(filmRef)T0446	2
(filmRef)T0542	2
(filmRef)T0569	2
(filmRef)UCS0121	2
(filmRef)UCS0178	2
(filmRef)UCS0192	2
(filmRef)UCS0206	2
(filmRef)5240	2
(filmRef)T0012	2
(filmRef)T0911	2
(filmRef)T1113	2
(filmRef)1001	13
(filmRef)15959	7
(filmRef)11076	8
(filmRef)T0303	13
(filmRef)0998	13
(filmRef)14909	9
(filmRef)14278	4
(filmRef)14279	4
(filmRef)14760	4
(filmRef)14913	9
(filmRef)15193	29
(filmRef)15216	4
(filmRef)15511	13
(filmRef)15963	4
(filmRef)16589	29
(filmRef)20024	11
(filmRef)20143	5
(filmRef)2927	13
(filmRef)10257	16
(filmRef)10258	16
(filmRef)10259	16
(filmRef)14912	9
(filmRef)T0105	2
(filmRef)14939	5
(filmRef)15971	29
(filmRef)20123	11
(filmRef)N0455	2
(filmRef)T0340	7
(filmRef)20353	11
(filmRef)14189	4
(filmRef)15961	13
(filmRef)15966	4
(filmRef)15968	4
(filmRef)15990	16
(filmRef)15187	13
(filmRef)15188	4
(filmRef)16683	9
(filmRef)16343	5
(filmRef)16824	4
(filmRef)22070	14
(filmRef)14357	4
(filmRef)16899	16
(filmRef)16900	16
(filmRef)16901	16
(filmRef)16902	16
(filmRef)16903	16
(filmRef)16904	16
(filmRef)16905	16
(filmRef)16906	16
(filmRef)16907	16
(filmRef)16908	16
(filmRef)16909	16
(filmRef)16910	16
(filmRef)16911	16
(filmRef)16912	16
(filmRef)16913	16
(filmRef)16914	16
(filmRef)16915	16
(filmRef)T1949	2
(filmRef)10315	2
(filmRef)17669	16
(filmRef)17730	16
(filmRef)2534	2
(filmRef)5135	2
(filmRef)6926	2
(filmRef)UCS0008	2
(filmRef)UCS0009	2
(filmRef)UCS0014	2
(filmRef)UCS0015	2
(filmRef)UCS0018	2
(filmRef)UCS0019	2
(filmRef)UCS0022	2
(filmRef)14089	29
(filmRef)17093	13
(filmRef)17094	13
(filmRef)10312	2
(filmRef)10313	2
(filmRef)2531	2
(filmRef)7039	2
(filmRef)14163	4
(filmRef)10658	9
(filmRef)11466	9
(filmRef)11562	9
(filmRef)11978	9
(filmRef)12034	9
(filmRef)12052	9
(filmRef)1215	2
(filmRef)12712	9
(filmRef)12851	9
(filmRef)13346	9
(filmRef)13802	14
(filmRef)13803	14
(filmRef)15048	9
(filmRef)15049	9
(filmRef)21312	9
(filmRef)21313	9
(filmRef)T1114	9
(filmRef)T1116	9
(filmRef)11473	9
(filmRef)12874	9
(filmRef)12875	9
(filmRef)13344	9
(filmRef)13345	9
(filmRef)15152	9
(filmRef)15303	9
(filmRef)16720	9
(filmRef)19849	9
(filmRef)19927	9
(filmRef)N0435	9
(filmRef)N0718	2
(filmRef)T0192	2
(filmRef)10915	17
(filmRef)10916	17
(filmRef)12314	17
(filmRef)10917	2
(filmRef)11271	2
(filmRef)11272	2
(filmRef)12307	2
(filmRef)12308	2
(filmRef)12309	2
(filmRef)11010	8
(filmRef)11021	8
(filmRef)11080	8
(filmRef)11096	8
(filmRef)11126	8
(filmRef)11149	8
(filmRef)11175	8
(filmRef)11183	8
(filmRef)11191	8
(filmRef)11199	8
(filmRef)11215	8
(filmRef)11217	8
(filmRef)11218	8
(filmRef)11220	8
(filmRef)11221	8
(filmRef)11222	8
(filmRef)11223	8
(filmRef)11224	8
(filmRef)11227	8
(filmRef)11228	8
(filmRef)11229	8
(filmRef)11230	8
(filmRef)11231	8
(filmRef)11233	8
(filmRef)11234	8
(filmRef)11235	8
(filmRef)11236	8
(filmRef)11237	8
(filmRef)11239	8
(filmRef)11241	8
(filmRef)11242	8
(filmRef)11243	8
(filmRef)11245	8
(filmRef)11246	8
(filmRef)11247	8
(filmRef)11354	8
(filmRef)11357	8
(filmRef)11358	8
(filmRef)11359	8
(filmRef)11360	8
(filmRef)11362	8
(filmRef)11363	8
(filmRef)11366	8
(filmRef)11367	8
(filmRef)11369	8
(filmRef)11370	8
(filmRef)11371	8
(filmRef)11373	8
(filmRef)11375	8
(filmRef)11376	8
(filmRef)11377	8
(filmRef)11378	8
(filmRef)11379	8
(filmRef)11380	8
(filmRef)11381	8
(filmRef)11382	8
(filmRef)11384	8
(filmRef)11385	8
(filmRef)11386	8
(filmRef)11388	8
(filmRef)11389	8
(filmRef)11390	8
(filmRef)11391	8
(filmRef)11392	8
(filmRef)11393	8
(filmRef)11394	8
(filmRef)11395	8
(filmRef)11396	8
(filmRef)11397	8
(filmRef)11398	8
(filmRef)11399	8
(filmRef)11400	8
(filmRef)11401	8
(filmRef)11012	8
(filmRef)11013	8
(filmRef)11020	8
(filmRef)11022	8
(filmRef)11023	8
(filmRef)11026	8
(filmRef)11028	8
(filmRef)11029	8
(filmRef)11031	8
(filmRef)11034	8
(filmRef)11035	8
(filmRef)11036	8
(filmRef)11039	8
(filmRef)11040	8
(filmRef)11041	8
(filmRef)11042	8
(filmRef)11043	8
(filmRef)11045	8
(filmRef)11046	8
(filmRef)11047	8
(filmRef)11048	8
(filmRef)11050	8
(filmRef)11051	8
(filmRef)11053	8
(filmRef)11054	8
(filmRef)11058	8
(filmRef)11059	8
(filmRef)11061	8
(filmRef)11062	8
(filmRef)11064	8
(filmRef)11066	8
(filmRef)11069	8
(filmRef)11070	8
(filmRef)11071	8
(filmRef)11072	8
(filmRef)11074	8
(filmRef)11077	8
(filmRef)11079	8
(filmRef)11081	8
(filmRef)11084	8
(filmRef)11085	8
(filmRef)11087	8
(filmRef)11088	8
(filmRef)11089	8
(filmRef)11091	8
(filmRef)8025	8
(filmRef)8026	8
(filmRef)8027	8
(filmRef)8028	8
(filmRef)8029	8
(filmRef)8030	8
(filmRef)8031	8
(filmRef)8032	8
(filmRef)8033	8
(filmRef)8034	8
(filmRef)8035	8
(filmRef)8103	8
(filmRef)8104	8
(filmRef)8105	8
(filmRef)8106	8
(filmRef)14701	29
(filmRef)20140	5
(filmRef)20409	5
(filmRef)20463	5
(filmRef)16082	16
(filmRef)16545	16
(filmRef)19829	11
(filmRef)19830	11
(filmRef)3306	13
(filmRef)14157	4
(filmRef)14193	4
(filmRef)20191	7
(filmRef)15328	16
(filmRef)15567	16
(filmRef)15568	16
(filmRef)15784	16
(filmRef)15786	16
(filmRef)19179	7
(filmRef)19180	7
(filmRef)20253	29
(filmRef)20355	11
(filmRef)19909	16
(filmRef)19910	16
(filmRef)3471	2
(filmRef)22492	14
(filmRef)22551	14
(filmRef)UCS0129	2
(filmRef)11097	8
(filmRef)11098	8
(filmRef)11118	8
(filmRef)14239	16
(filmRef)14591	29
(filmRef)4130	11
(filmRef)4923	2
(filmRef)N0729	29
(filmRef)N0178	2
(filmRef)14985	16
(filmRef)15941	4
(filmRef)20748	16
(filmRef)11258	2
(filmRef)11305	2
(filmRef)11306	2
(filmRef)11307	2
(filmRef)11334	2
(filmRef)11335	2
(filmRef)11269	19
(filmRef)11281	19
(filmRef)11274	20
(filmRef)12302	20
(filmRef)11286	2
(filmRef)11348	2
(filmRef)11349	2
(filmRef)11350	2
(filmRef)12335	2
(filmRef)12305	2
(filmRef)T1998	2
(filmRef)12326	2
(filmRef)16680	11
(filmRef)20233	9
(filmRef)22063	14
(filmRef)15431	29
(filmRef)17688	5
(filmRef)15965	4
(filmRef)11417	2
(filmRef)11420	2
(filmRef)11421	2
(filmRef)11424	2
(filmRef)12178	2
(filmRef)12186	2
(filmRef)12187	2
(filmRef)12188	2
(filmRef)12190	2
(filmRef)12191	2
(filmRef)12192	2
(filmRef)12425	2
(filmRef)12426	2
(filmRef)11443	2
(filmRef)11446	2
(filmRef)12120	2
(filmRef)12177	2
(filmRef)11456	2
(filmRef)11457	2
(filmRef)11458	2
(filmRef)12114	2
(filmRef)12116	2
(filmRef)12136	2
(filmRef)12180	2
(filmRef)21840	2
(filmRef)21845	2
(filmRef)21846	2
(filmRef)21847	2
(filmRef)21848	2
(filmRef)21849	2
(filmRef)22196	2
(filmRef)22204	2
(filmRef)22210	2
(filmRef)22199	2
(filmRef)14334	9
(filmRef)14365	4
(filmRef)16657	9
(filmRef)16710	9
(filmRef)16779	9
(filmRef)19841	9
(filmRef)19919	9
(filmRef)19971	9
(filmRef)20083	9
(filmRef)20180	9
(filmRef)21126	9
(filmRef)14101	29
(filmRef)14229	9
(filmRef)14230	9
(filmRef)14266	9
(filmRef)14267	9
(filmRef)14268	9
(filmRef)14276	9
(filmRef)14277	9
(filmRef)14303	9
(filmRef)14304	9
(filmRef)14332	9
(filmRef)14333	9
(filmRef)14335	16
(filmRef)14339	16
(filmRef)14343	4
(filmRef)14344	4
(filmRef)14345	4
(filmRef)14346	4
(filmRef)14347	4
(filmRef)14348	4
(filmRef)14349	4
(filmRef)14350	4
(filmRef)14351	4
(filmRef)14352	4
(filmRef)14353	4
(filmRef)14354	4
(filmRef)14355	4
(filmRef)14356	4
(filmRef)14358	4
(filmRef)14359	4
(filmRef)14360	4
(filmRef)14361	4
(filmRef)14362	4
(filmRef)14363	4
(filmRef)14364	4
(filmRef)14366	4
(filmRef)14367	4
(filmRef)14368	4
(filmRef)14374	9
(filmRef)14381	9
(filmRef)14382	9
(filmRef)14383	9
(filmRef)14384	9
(filmRef)14387	9
(filmRef)14388	9
(filmRef)14389	9
(filmRef)14390	9
(filmRef)14391	9
(filmRef)14392	9
(filmRef)14393	9
(filmRef)14450	9
(filmRef)14451	9
(filmRef)14452	9
(filmRef)14453	9
(filmRef)14497	9
(filmRef)14498	9
(filmRef)14503	9
(filmRef)14504	9
(filmRef)14516	9
(filmRef)14517	9
(filmRef)14596	9
(filmRef)14597	9
(filmRef)14598	9
(filmRef)14599	9
(filmRef)14652	29
(filmRef)14653	29
(filmRef)14654	29
(filmRef)14655	29
(filmRef)14656	29
(filmRef)14657	29
(filmRef)14771	11
(filmRef)14774	11
(filmRef)14776	11
(filmRef)14777	11
(filmRef)14929	29
(filmRef)15538	16
(filmRef)15539	16
(filmRef)15540	16
(filmRef)15541	16
(filmRef)15542	16
(filmRef)15543	16
(filmRef)15651	11
(filmRef)15652	11
(filmRef)15653	11
(filmRef)15674	11
(filmRef)15675	11
(filmRef)15681	11
(filmRef)15690	11
(filmRef)15691	11
(filmRef)15692	11
(filmRef)15693	11
(filmRef)15757	11
(filmRef)15758	11
(filmRef)15759	11
(filmRef)15760	11
(filmRef)15761	11
(filmRef)15762	11
(filmRef)15763	11
(filmRef)15764	11
(filmRef)15871	5
(filmRef)15975	16
(filmRef)16642	9
(filmRef)16643	9
(filmRef)16644	9
(filmRef)16645	9
(filmRef)16646	16
(filmRef)16648	16
(filmRef)16656	9
(filmRef)16658	9
(filmRef)16659	9
(filmRef)16660	9
(filmRef)16661	9
(filmRef)16662	9
(filmRef)16663	9
(filmRef)16664	9
(filmRef)16665	9
(filmRef)16666	9
(filmRef)16667	9
(filmRef)16668	9
(filmRef)16669	9
(filmRef)16670	9
(filmRef)16671	9
(filmRef)16672	9
(filmRef)16673	9
(filmRef)16674	16
(filmRef)16675	9
(filmRef)16681	9
(filmRef)16682	9
(filmRef)16684	9
(filmRef)16685	9
(filmRef)16687	9
(filmRef)16688	9
(filmRef)16689	9
(filmRef)16690	9
(filmRef)16691	9
(filmRef)16700	9
(filmRef)16701	9
(filmRef)16702	9
(filmRef)16703	9
(filmRef)16704	9
(filmRef)16709	9
(filmRef)16711	9
(filmRef)16712	9
(filmRef)16713	9
(filmRef)16714	9
(filmRef)16717	9
(filmRef)16718	9
(filmRef)16719	9
(filmRef)16721	9
(filmRef)16722	9
(filmRef)16723	9
(filmRef)16724	9
(filmRef)16725	9
(filmRef)16726	9
(filmRef)16727	9
(filmRef)16728	9
(filmRef)16729	9
(filmRef)16730	9
(filmRef)16731	9
(filmRef)16732	9
(filmRef)16733	9
(filmRef)16734	9
(filmRef)16735	9
(filmRef)16736	9
(filmRef)16741	9
(filmRef)16742	9
(filmRef)16743	9
(filmRef)16744	9
(filmRef)16745	9
(filmRef)16746	9
(filmRef)16747	9
(filmRef)16748	9
(filmRef)16749	9
(filmRef)16750	9
(filmRef)16751	9
(filmRef)16752	9
(filmRef)16755	9
(filmRef)16756	9
(filmRef)16765	9
(filmRef)16766	9
(filmRef)16767	9
(filmRef)16768	9
(filmRef)16770	9
(filmRef)16771	9
(filmRef)16772	9
(filmRef)16774	9
(filmRef)16775	9
(filmRef)16776	9
(filmRef)16777	9
(filmRef)16778	9
(filmRef)16780	9
(filmRef)16781	9
(filmRef)16782	9
(filmRef)16783	9
(filmRef)19572	9
(filmRef)19632	16
(filmRef)19633	16
(filmRef)19654	9
(filmRef)19785	9
(filmRef)19786	9
(filmRef)19787	9
(filmRef)19788	9
(filmRef)19789	9
(filmRef)19790	9
(filmRef)19791	9
(filmRef)19792	9
(filmRef)19794	9
(filmRef)19795	9
(filmRef)19796	9
(filmRef)19797	9
(filmRef)19801	9
(filmRef)19802	9
(filmRef)19803	9
(filmRef)19804	9
(filmRef)19805	9
(filmRef)19806	9
(filmRef)19807	9
(filmRef)19808	9
(filmRef)19809	9
(filmRef)19810	9
(filmRef)19811	9
(filmRef)19812	9
(filmRef)19813	9
(filmRef)19814	9
(filmRef)19815	9
(filmRef)19816	9
(filmRef)19817	9
(filmRef)19818	9
(filmRef)19819	9
(filmRef)19820	9
(filmRef)19824	9
(filmRef)19825	9
(filmRef)19826	9
(filmRef)19827	9
(filmRef)19828	9
(filmRef)19831	9
(filmRef)19832	9
(filmRef)19833	9
(filmRef)19834	9
(filmRef)19836	9
(filmRef)19839	9
(filmRef)19840	9
(filmRef)19842	9
(filmRef)19843	9
(filmRef)19844	9
(filmRef)19845	9
(filmRef)19846	9
(filmRef)19847	9
(filmRef)19848	9
(filmRef)19850	9
(filmRef)19851	9
(filmRef)19852	9
(filmRef)19853	9
(filmRef)19854	9
(filmRef)19855	9
(filmRef)19856	9
(filmRef)19860	9
(filmRef)19861	9
(filmRef)19862	9
(filmRef)19863	9
(filmRef)19864	9
(filmRef)19866	9
(filmRef)19867	9
(filmRef)19868	9
(filmRef)19869	9
(filmRef)19870	9
(filmRef)19871	9
(filmRef)19872	9
(filmRef)19873	9
(filmRef)19874	9
(filmRef)19875	9
(filmRef)19884	9
(filmRef)19885	9
(filmRef)19886	9
(filmRef)19887	9
(filmRef)19890	9
(filmRef)19891	9
(filmRef)19892	9
(filmRef)19893	9
(filmRef)19894	9
(filmRef)19911	9
(filmRef)19912	9
(filmRef)19913	9
(filmRef)19914	9
(filmRef)19915	9
(filmRef)19916	9
(filmRef)19917	9
(filmRef)19918	9
(filmRef)19920	9
(filmRef)19921	9
(filmRef)19922	9
(filmRef)19923	9
(filmRef)19924	9
(filmRef)19925	9
(filmRef)19926	9
(filmRef)19928	9
(filmRef)19929	9
(filmRef)19931	9
(filmRef)19932	9
(filmRef)19933	9
(filmRef)19934	9
(filmRef)19935	9
(filmRef)19936	9
(filmRef)19937	9
(filmRef)19938	9
(filmRef)19939	9
(filmRef)19940	9
(filmRef)19941	9
(filmRef)19942	9
(filmRef)19943	9
(filmRef)19944	9
(filmRef)19945	9
(filmRef)19946	9
(filmRef)19947	9
(filmRef)19948	9
(filmRef)19949	9
(filmRef)19950	9
(filmRef)19951	9
(filmRef)19952	9
(filmRef)19953	9
(filmRef)19954	9
(filmRef)19955	9
(filmRef)19956	9
(filmRef)19957	9
(filmRef)19958	9
(filmRef)19959	9
(filmRef)19960	9
(filmRef)19961	9
(filmRef)19962	9
(filmRef)19963	9
(filmRef)19964	9
(filmRef)19965	9
(filmRef)19966	9
(filmRef)19967	9
(filmRef)19968	9
(filmRef)19969	9
(filmRef)19970	9
(filmRef)19972	9
(filmRef)19973	9
(filmRef)19974	9
(filmRef)19975	9
(filmRef)19976	9
(filmRef)19977	9
(filmRef)19978	9
(filmRef)19993	9
(filmRef)19994	9
(filmRef)20027	16
(filmRef)20028	16
(filmRef)20029	16
(filmRef)20030	16
(filmRef)20031	16
(filmRef)20077	29
(filmRef)20078	29
(filmRef)20079	29
(filmRef)20080	29
(filmRef)20081	29
(filmRef)20082	29
(filmRef)20084	9
(filmRef)20091	9
(filmRef)20098	9
(filmRef)20133	9
(filmRef)20171	9
(filmRef)20247	29
(filmRef)20248	29
(filmRef)20249	29
(filmRef)20250	29
(filmRef)20251	29
(filmRef)20252	29
(filmRef)N0024	2
(filmRef)N0177	2
(filmRef)N0179	2
(filmRef)N0673	9
(filmRef)N0795	29
(filmRef)14910	9
(filmRef)19906	29
(filmRef)15146	9
(filmRef)15297	9
(filmRef)12408	2
(filmRef)15357	29
(filmRef)15359	29
(filmRef)22198	2
(filmRef)22201	2
(filmRef)T0647	2
(filmRef)22197	2
(filmRef)22200	2
(filmRef)22202	2
(filmRef)14148	29
(filmRef)14149	29
(filmRef)21843	2
(filmRef)1216	2
(filmRef)16602	29
(filmRef)21297	23
(filmRef)3333	2
(filmRef)T0649	2
(filmRef)T0352	7
(filmRef)21835	2
(filmRef)21836	2
(filmRef)21837	2
(filmRef)21842	2
(filmRef)T0979	2
(filmRef)18529	29
(filmRef)14878	9
(filmRef)14866	9
(filmRef)14873	9
(filmRef)5307	2
(filmRef)14915	9
(filmRef)12406	2
(filmRef)12407	2
(filmRef)12411	2
(filmRef)4700	7
(filmRef)14247	29
(filmRef)14251	29
(filmRef)14646	4
(filmRef)14647	4
(filmRef)14648	4
(filmRef)14649	4
(filmRef)14650	4
(filmRef)14651	4
(filmRef)14922	4
(filmRef)14923	4
(filmRef)14924	4
(filmRef)14925	4
(filmRef)14926	4
(filmRef)14927	4
(filmRef)17385	29
(filmRef)3895	2
(filmRef)17383	29
(filmRef)3297	2
(filmRef)12468	2
(filmRef)12469	2
(filmRef)T0366	2
(filmRef)12497	24
(filmRef)12509	24
(filmRef)12512	24
(filmRef)13702	24
(filmRef)13725	29
(filmRef)13726	29
(filmRef)15960	13
(filmRef)N0548	29
(filmRef)T0330	7
(filmRef)N0590	2
(filmRef)13750	26
(filmRef)13751	26
(filmRef)13752	26
(filmRef)13758	27
(filmRef)13759	27
(filmRef)13760	27
(filmRef)13761	27
(filmRef)13762	27
(filmRef)13763	27
(filmRef)13775	29
(filmRef)13776	29
(filmRef)15546	29
(filmRef)13855	14
(filmRef)13862	14
(filmRef)22071	14
(filmRef)13877	28
(filmRef)13900	28
(filmRef)14053	13
(filmRef)1418	13
(filmRef)14492	29
(filmRef)14495	29
(filmRef)20703	13
(filmRef)20704	13
(filmRef)21031	23
(filmRef)22887	14
(filmRef)22888	14
(filmRef)2945	2
(filmRef)2946	2
(filmRef)3304	13
(filmRef)3305	13
(filmRef)3307	13
(filmRef)14074	29
(filmRef)14075	29
(filmRef)14076	23
(filmRef)14077	23
(filmRef)14078	29
(filmRef)14079	29
(filmRef)14095	29
(filmRef)14096	29
(filmRef)14097	29
(filmRef)14098	29
(filmRef)14099	29
(filmRef)14100	29
(filmRef)14102	16
(filmRef)14103	16
(filmRef)14216	11
(filmRef)14225	11
(filmRef)14257	29
(filmRef)14259	29
(filmRef)14260	29
(filmRef)14633	11
(filmRef)15350	23
(filmRef)15351	23
(filmRef)15360	16
(filmRef)15361	16
(filmRef)15382	23
(filmRef)15384	23
(filmRef)15385	23
(filmRef)15387	23
(filmRef)15388	23
(filmRef)15390	23
(filmRef)15391	23
(filmRef)15491	29
(filmRef)15520	16
(filmRef)15550	23
(filmRef)15551	23
(filmRef)16599	29
(filmRef)16600	29
(filmRef)16604	29
(filmRef)16784	29
(filmRef)16785	29
(filmRef)16786	29
(filmRef)16787	29
(filmRef)16788	29
(filmRef)16789	29
(filmRef)19157	4
(filmRef)20698	29
(filmRef)20701	4
(filmRef)21323	16
(filmRef)14138	29
(filmRef)15352	23
(filmRef)15383	23
(filmRef)15389	23
(filmRef)15392	23
(filmRef)15552	23
(filmRef)20702	4
(filmRef)14567	29
(filmRef)15381	23
(filmRef)15386	23
(filmRef)16246	4
(filmRef)16249	4
(filmRef)16252	4
(filmRef)16282	4
(filmRef)16283	4
(filmRef)16285	4
(filmRef)16286	4
(filmRef)16287	4
(filmRef)16289	4
(filmRef)17821	33
(filmRef)20004	11
(filmRef)14543	16
(filmRef)14571	4
(filmRef)14754	4
(filmRef)14972	4
(filmRef)15144	9
(filmRef)15210	4
(filmRef)15249	29
(filmRef)15402	4
(filmRef)15620	4
(filmRef)15962	4
(filmRef)16109	4
(filmRef)16380	4
(filmRef)17060	4
(filmRef)17316	4
(filmRef)17317	4
(filmRef)17321	4
(filmRef)17357	4
(filmRef)17605	4
(filmRef)17924	4
(filmRef)18400	4
(filmRef)18748	4
(filmRef)18866	4
(filmRef)19058	4
(filmRef)20163	4
(filmRef)20332	4
(filmRef)20429	4
(filmRef)20477	4
(filmRef)20566	4
(filmRef)20601	4
(filmRef)20650	4
(filmRef)14263	29
(filmRef)14477	29
(filmRef)14478	29
(filmRef)14545	16
(filmRef)14588	4
(filmRef)14590	4
(filmRef)14594	29
(filmRef)14683	29
(filmRef)14684	29
(filmRef)14686	29
(filmRef)14687	29
(filmRef)14688	29
(filmRef)14689	29
(filmRef)14759	4
(filmRef)14886	29
(filmRef)14887	29
(filmRef)14973	4
(filmRef)14995	4
(filmRef)15022	29
(filmRef)15145	9
(filmRef)15213	4
(filmRef)15214	4
(filmRef)15296	9
(filmRef)15403	4
(filmRef)15404	4
(filmRef)15621	4
(filmRef)15622	4
(filmRef)15852	4
(filmRef)15901	29
(filmRef)16110	4
(filmRef)16111	4
(filmRef)16112	4
(filmRef)16381	4
(filmRef)16382	4
(filmRef)17061	4
(filmRef)17319	4
(filmRef)17358	4
(filmRef)17359	4
(filmRef)17606	4
(filmRef)17607	4
(filmRef)17925	4
(filmRef)17926	4
(filmRef)18401	4
(filmRef)18402	4
(filmRef)18749	4
(filmRef)18750	4
(filmRef)18867	4
(filmRef)18868	4
(filmRef)19570	29
(filmRef)19573	29
(filmRef)20164	4
(filmRef)20165	4
(filmRef)20333	4
(filmRef)20430	4
(filmRef)20431	4
(filmRef)20478	4
(filmRef)20479	4
(filmRef)20536	4
(filmRef)20567	4
(filmRef)20568	4
(filmRef)20604	4
(filmRef)20605	4
(filmRef)20651	4
(filmRef)20652	4
(filmRef)14080	29
(filmRef)14081	29
(filmRef)14132	29
(filmRef)14133	29
(filmRef)14135	29
(filmRef)14136	29
(filmRef)14137	29
(filmRef)14141	29
(filmRef)14142	29
(filmRef)14143	29
(filmRef)14150	29
(filmRef)14172	29
(filmRef)14196	29
(filmRef)14210	29
(filmRef)14246	29
(filmRef)14248	29
(filmRef)14249	29
(filmRef)14250	29
(filmRef)14252	29
(filmRef)14253	29
(filmRef)14265	29
(filmRef)14283	29
(filmRef)14299	29
(filmRef)14330	29
(filmRef)14331	29
(filmRef)14448	29
(filmRef)14454	29
(filmRef)14455	29
(filmRef)14471	29
(filmRef)14472	29
(filmRef)14473	29
(filmRef)14474	29
(filmRef)14475	29
(filmRef)14476	29
(filmRef)14479	29
(filmRef)14480	29
(filmRef)14481	29
(filmRef)14482	29
(filmRef)14501	29
(filmRef)14502	29
(filmRef)14513	29
(filmRef)14638	29
(filmRef)14639	29
(filmRef)14671	29
(filmRef)14678	29
(filmRef)14679	29
(filmRef)14680	29
(filmRef)14681	29
(filmRef)14682	29
(filmRef)14685	29
(filmRef)14833	29
(filmRef)14834	29
(filmRef)14835	29
(filmRef)14836	29
(filmRef)14837	29
(filmRef)14838	29
(filmRef)14842	29
(filmRef)14844	29
(filmRef)14845	29
(filmRef)14880	29
(filmRef)14881	29
(filmRef)14882	29
(filmRef)14883	29
(filmRef)14884	29
(filmRef)14885	29
(filmRef)14894	29
(filmRef)14895	29
(filmRef)14897	29
(filmRef)14917	29
(filmRef)14918	29
(filmRef)15026	29
(filmRef)15057	29
(filmRef)15058	29
(filmRef)15099	11
(filmRef)15226	29
(filmRef)15228	29
(filmRef)15243	29
(filmRef)15244	29
(filmRef)15245	29
(filmRef)15246	29
(filmRef)15248	29
(filmRef)15334	29
(filmRef)15368	29
(filmRef)15376	29
(filmRef)15589	29
(filmRef)16361	5
(filmRef)16587	9
(filmRef)16588	29
(filmRef)16707	29
(filmRef)16759	29
(filmRef)19798	29
(filmRef)19889	29
(filmRef)19905	29
(filmRef)20035	29
(filmRef)20039	29
(filmRef)20041	29
(filmRef)20228	29
(filmRef)20380	5
(filmRef)20389	29
(filmRef)20391	29
(filmRef)20403	5
(filmRef)14092	29
(filmRef)14134	29
(filmRef)14140	29
(filmRef)14151	29
(filmRef)14173	29
(filmRef)14198	29
(filmRef)14199	29
(filmRef)14200	29
(filmRef)14201	29
(filmRef)14202	29
(filmRef)14203	29
(filmRef)14204	29
(filmRef)14205	29
(filmRef)14206	29
(filmRef)14207	29
(filmRef)14208	29
(filmRef)14209	29
(filmRef)14258	29
(filmRef)14261	29
(filmRef)14262	29
(filmRef)14264	29
(filmRef)14483	29
(filmRef)14484	29
(filmRef)14485	29
(filmRef)14486	29
(filmRef)14487	29
(filmRef)14488	29
(filmRef)14489	29
(filmRef)14490	29
(filmRef)14491	29
(filmRef)14493	29
(filmRef)14494	29
(filmRef)14514	29
(filmRef)14636	29
(filmRef)14693	29
(filmRef)14698	29
(filmRef)14699	29
(filmRef)14700	29
(filmRef)14828	29
(filmRef)14829	29
(filmRef)14830	29
(filmRef)14832	29
(filmRef)14843	29
(filmRef)14896	29
(filmRef)14920	29
(filmRef)14921	29
(filmRef)14990	29
(filmRef)15023	29
(filmRef)15240	29
(filmRef)15241	29
(filmRef)15242	29
(filmRef)15336	29
(filmRef)16601	29
(filmRef)16603	29
(filmRef)16737	29
(filmRef)16760	29
(filmRef)17227	29
(filmRef)19124	29
(filmRef)19125	29
(filmRef)19348	29
(filmRef)20212	9
(filmRef)20225	29
(filmRef)20390	29
(filmRef)14087	29
(filmRef)14093	29
(filmRef)14690	29
(filmRef)14691	29
(filmRef)14692	29
(filmRef)14694	29
(filmRef)14695	29
(filmRef)14696	29
(filmRef)14697	29
(filmRef)14702	29
(filmRef)15028	29
(filmRef)15165	16
(filmRef)15166	16
(filmRef)15167	16
(filmRef)15168	16
(filmRef)15169	16
(filmRef)15170	16
(filmRef)15247	29
(filmRef)15521	29
(filmRef)19800	29
(filmRef)20240	29
(filmRef)20241	29
(filmRef)20242	29
(filmRef)20243	29
(filmRef)20244	29
(filmRef)20245	29
(filmRef)21302	29
(filmRef)15659	5
(filmRef)15705	29
(filmRef)15706	29
(filmRef)17226	29
(filmRef)19799	29
(filmRef)20215	9
(filmRef)20231	29
(filmRef)15025	29
(filmRef)15174	13
(filmRef)15184	16
(filmRef)16686	29
(filmRef)16694	29
(filmRef)16696	29
(filmRef)16697	29
(filmRef)16698	29
(filmRef)16753	29
(filmRef)16763	29
(filmRef)18194	7
(filmRef)20254	29
(filmRef)20255	29
(filmRef)20256	29
(filmRef)20257	29
(filmRef)20258	29
(filmRef)20710	7
(filmRef)20711	7
(filmRef)20712	7
(filmRef)20716	7
(filmRef)20720	7
(filmRef)14309	16
(filmRef)16578	44
(filmRef)20181	7
(filmRef)T1149	4
(filmRef)14282	4
(filmRef)14286	4
(filmRef)14672	29
(filmRef)14673	29
(filmRef)14677	29
(filmRef)15024	29
(filmRef)15027	29
(filmRef)15029	29
(filmRef)15030	29
(filmRef)15064	29
(filmRef)15667	29
(filmRef)15670	29
(filmRef)15697	29
(filmRef)15699	29
(filmRef)15701	29
(filmRef)15704	29
(filmRef)15775	29
(filmRef)15776	29
(filmRef)15777	29
(filmRef)15778	29
(filmRef)15779	29
(filmRef)15780	29
(filmRef)15905	29
(filmRef)15907	29
(filmRef)16590	29
(filmRef)16754	29
(filmRef)16757	29
(filmRef)16758	29
(filmRef)16761	29
(filmRef)20012	29
(filmRef)20013	29
(filmRef)20014	29
(filmRef)20015	29
(filmRef)20016	29
(filmRef)20017	29
(filmRef)20018	29
(filmRef)20019	29
(filmRef)20262	29
(filmRef)20263	29
(filmRef)20264	29
(filmRef)20265	29
(filmRef)20266	29
(filmRef)20267	29
(filmRef)20318	29
(filmRef)20319	29
(filmRef)20320	29
(filmRef)20321	29
(filmRef)20322	29
(filmRef)20323	29
(filmRef)20688	29
(filmRef)20689	29
(filmRef)20690	29
(filmRef)20691	29
(filmRef)20692	29
(filmRef)20693	29
(filmRef)20694	29
(filmRef)20695	29
(filmRef)20696	29
(filmRef)20697	29
(filmRef)20699	29
(filmRef)15337	29
(filmRef)20592	5
(filmRef)20671	11
(filmRef)14795	11
(filmRef)21147	16
(filmRef)18486	4
(filmRef)20456	5
(filmRef)20488	5
(filmRef)20547	5
(filmRef)15061	5
(filmRef)15079	16
(filmRef)15080	16
(filmRef)15380	29
(filmRef)15591	29
(filmRef)15944	4
(filmRef)16449	7
(filmRef)19234	5
(filmRef)14238	16
(filmRef)14240	16
(filmRef)14241	16
(filmRef)14242	16
(filmRef)14243	16
(filmRef)14306	16
(filmRef)14307	16
(filmRef)14308	16
(filmRef)14310	16
(filmRef)14311	16
(filmRef)14534	16
(filmRef)14535	16
(filmRef)14536	16
(filmRef)14537	16
(filmRef)14538	16
(filmRef)14539	16
(filmRef)14540	16
(filmRef)14541	16
(filmRef)14542	16
(filmRef)14544	16
(filmRef)14546	16
(filmRef)14658	16
(filmRef)14659	16
(filmRef)14660	16
(filmRef)14661	16
(filmRef)14662	16
(filmRef)14663	16
(filmRef)14664	16
(filmRef)14665	16
(filmRef)14666	16
(filmRef)14667	16
(filmRef)14668	16
(filmRef)14669	16
(filmRef)14670	16
(filmRef)18372	5
(filmRef)14779	11
(filmRef)18206	7
(filmRef)20723	7
(filmRef)14284	29
(filmRef)14674	29
(filmRef)15410	5
(filmRef)15544	29
(filmRef)15992	4
(filmRef)17297	44
(filmRef)17346	44
(filmRef)19122	29
(filmRef)19123	29
(filmRef)20208	9
(filmRef)20216	29
(filmRef)20539	5
(filmRef)14889	16
(filmRef)15063	29
(filmRef)15084	29
(filmRef)15374	29
(filmRef)15379	29
(filmRef)15442	29
(filmRef)20037	29
(filmRef)20038	29
(filmRef)20232	29
(filmRef)20392	29
(filmRef)14621	29
(filmRef)14622	29
(filmRef)15661	5
(filmRef)19985	5
(filmRef)14991	29
(filmRef)15377	29
(filmRef)15441	29
(filmRef)15523	29
(filmRef)20226	29
(filmRef)20229	29
(filmRef)20230	29
(filmRef)14194	4
(filmRef)15043	29
(filmRef)15085	29
(filmRef)15227	29
(filmRef)15375	29
(filmRef)15799	29
(filmRef)15800	29
(filmRef)15801	29
(filmRef)15802	29
(filmRef)17284	5
(filmRef)17287	5
(filmRef)17324	5
(filmRef)17327	5
(filmRef)18383	5
(filmRef)20034	29
(filmRef)20040	29
(filmRef)20072	29
(filmRef)20073	29
(filmRef)20141	5
(filmRef)20314	5
(filmRef)20446	5
(filmRef)20623	5
(filmRef)20632	5
(filmRef)15082	29
(filmRef)15269	29
(filmRef)15545	29
(filmRef)15549	29
(filmRef)15590	29
(filmRef)16941	29
(filmRef)21271	29
(filmRef)21272	29
(filmRef)21273	29
(filmRef)21274	29
(filmRef)21275	29
(filmRef)19195	7
(filmRef)19300	16
(filmRef)19301	16
(filmRef)15042	29
(filmRef)15194	29
(filmRef)14144	11
(filmRef)14145	11
(filmRef)14146	11
(filmRef)14211	11
(filmRef)14212	11
(filmRef)14213	11
(filmRef)14214	11
(filmRef)14217	11
(filmRef)14218	11
(filmRef)14219	11
(filmRef)14220	11
(filmRef)14221	11
(filmRef)14222	11
(filmRef)14223	11
(filmRef)14224	11
(filmRef)14226	11
(filmRef)14227	11
(filmRef)14228	11
(filmRef)14445	11
(filmRef)14446	11
(filmRef)14447	11
(filmRef)17302	5
(filmRef)17337	5
(filmRef)21057	23
(filmRef)21059	23
(filmRef)21330	23
(filmRef)21331	23
(filmRef)21333	23
(filmRef)14572	4
(filmRef)14675	29
(filmRef)15266	29
(filmRef)14285	16
(filmRef)14394	9
(filmRef)15671	29
(filmRef)15672	29
(filmRef)15919	29
(filmRef)17403	11
(filmRef)18994	5
(filmRef)20007	11
(filmRef)20033	29
(filmRef)20214	9
(filmRef)15496	29
(filmRef)16018	5
(filmRef)14154	4
(filmRef)14155	4
(filmRef)14156	4
(filmRef)14158	4
(filmRef)14159	4
(filmRef)14160	4
(filmRef)14161	4
(filmRef)14162	4
(filmRef)14164	4
(filmRef)14166	4
(filmRef)14167	4
(filmRef)14168	4
(filmRef)14169	4
(filmRef)14170	4
(filmRef)14171	4
(filmRef)14186	4
(filmRef)14187	4
(filmRef)14188	4
(filmRef)14190	4
(filmRef)14191	4
(filmRef)14192	4
(filmRef)14195	4
(filmRef)14293	4
(filmRef)14294	4
(filmRef)14296	4
(filmRef)14297	4
(filmRef)14298	4
(filmRef)14373	16
(filmRef)14395	4
(filmRef)14396	4
(filmRef)14397	4
(filmRef)14398	4
(filmRef)14399	4
(filmRef)14400	4
(filmRef)14401	4
(filmRef)14402	4
(filmRef)14403	4
(filmRef)14404	4
(filmRef)14405	4
(filmRef)14406	4
(filmRef)14407	4
(filmRef)14408	4
(filmRef)14409	4
(filmRef)14410	4
(filmRef)14411	4
(filmRef)14412	4
(filmRef)14413	4
(filmRef)14414	4
(filmRef)14415	4
(filmRef)14416	4
(filmRef)14417	4
(filmRef)14418	4
(filmRef)14419	4
(filmRef)14420	4
(filmRef)14438	4
(filmRef)14439	4
(filmRef)14441	4
(filmRef)14442	4
(filmRef)14505	4
(filmRef)14507	4
(filmRef)14510	4
(filmRef)14511	4
(filmRef)14518	4
(filmRef)14520	4
(filmRef)14558	4
(filmRef)14559	11
(filmRef)14560	5
(filmRef)14563	11
(filmRef)14564	11
(filmRef)14568	4
(filmRef)14570	4
(filmRef)14574	4
(filmRef)14575	4
(filmRef)14593	4
(filmRef)14595	4
(filmRef)14603	4
(filmRef)14606	4
(filmRef)14609	4
(filmRef)14611	4
(filmRef)14612	4
(filmRef)14615	4
(filmRef)14616	4
(filmRef)14719	4
(filmRef)14728	4
(filmRef)14729	4
(filmRef)14733	4
(filmRef)14745	4
(filmRef)14748	4
(filmRef)14749	4
(filmRef)14750	4
(filmRef)14766	4
(filmRef)14768	4
(filmRef)14770	4
(filmRef)14808	4
(filmRef)14811	4
(filmRef)14816	4
(filmRef)14819	4
(filmRef)14821	4
(filmRef)14840	4
(filmRef)14908	4
(filmRef)14916	4
(filmRef)14935	4
(filmRef)14936	4
(filmRef)14937	4
(filmRef)14940	4
(filmRef)14941	4
(filmRef)14944	4
(filmRef)14945	4
(filmRef)14946	4
(filmRef)14947	4
(filmRef)14948	4
(filmRef)14949	4
(filmRef)14950	4
(filmRef)14951	4
(filmRef)14952	4
(filmRef)14953	4
(filmRef)14954	4
(filmRef)14955	4
(filmRef)14956	4
(filmRef)14957	4
(filmRef)14958	4
(filmRef)14959	4
(filmRef)14960	4
(filmRef)14961	4
(filmRef)14962	4
(filmRef)14963	4
(filmRef)14964	4
(filmRef)14965	4
(filmRef)14966	4
(filmRef)14967	4
(filmRef)14968	4
(filmRef)14969	4
(filmRef)14970	4
(filmRef)14971	4
(filmRef)14997	4
(filmRef)15000	4
(filmRef)15002	4
(filmRef)15005	4
(filmRef)15009	4
(filmRef)15017	4
(filmRef)15018	4
(filmRef)15033	4
(filmRef)15040	4
(filmRef)15047	4
(filmRef)15201	4
(filmRef)15202	4
(filmRef)15203	4
(filmRef)15204	4
(filmRef)15206	4
(filmRef)15207	4
(filmRef)15208	4
(filmRef)15209	4
(filmRef)15215	4
(filmRef)15217	4
(filmRef)15218	4
(filmRef)15219	4
(filmRef)15220	4
(filmRef)15221	4
(filmRef)15222	4
(filmRef)15270	29
(filmRef)15271	4
(filmRef)15272	4
(filmRef)15273	4
(filmRef)15274	4
(filmRef)15275	4
(filmRef)15276	4
(filmRef)15277	4
(filmRef)15278	4
(filmRef)15279	4
(filmRef)15285	4
(filmRef)15286	4
(filmRef)15287	4
(filmRef)15288	4
(filmRef)15289	4
(filmRef)15393	4
(filmRef)15394	4
(filmRef)15396	4
(filmRef)15397	4
(filmRef)15398	4
(filmRef)15399	4
(filmRef)15400	4
(filmRef)15401	4
(filmRef)15405	4
(filmRef)15406	4
(filmRef)15407	4
(filmRef)15408	4
(filmRef)15444	4
(filmRef)15445	4
(filmRef)15446	4
(filmRef)15447	4
(filmRef)15448	4
(filmRef)15449	4
(filmRef)15450	4
(filmRef)15451	4
(filmRef)15452	4
(filmRef)15453	4
(filmRef)15454	4
(filmRef)15455	4
(filmRef)15456	4
(filmRef)15457	4
(filmRef)15466	4
(filmRef)15467	4
(filmRef)15468	4
(filmRef)15612	4
(filmRef)15613	4
(filmRef)15614	4
(filmRef)15615	4
(filmRef)15616	4
(filmRef)15617	4
(filmRef)15618	4
(filmRef)15619	4
(filmRef)15623	4
(filmRef)15624	4
(filmRef)15625	4
(filmRef)15707	4
(filmRef)15708	4
(filmRef)15709	4
(filmRef)15710	4
(filmRef)15711	4
(filmRef)15712	4
(filmRef)15713	4
(filmRef)15714	4
(filmRef)15715	4
(filmRef)15716	4
(filmRef)15717	4
(filmRef)15718	4
(filmRef)15719	4
(filmRef)15720	4
(filmRef)15721	4
(filmRef)15722	4
(filmRef)15723	4
(filmRef)15724	4
(filmRef)15756	4
(filmRef)15834	4
(filmRef)15845	4
(filmRef)15847	4
(filmRef)15848	4
(filmRef)15849	4
(filmRef)15850	4
(filmRef)15851	4
(filmRef)15853	4
(filmRef)15854	4
(filmRef)15855	4
(filmRef)15856	4
(filmRef)15857	4
(filmRef)15858	4
(filmRef)15859	4
(filmRef)15860	4
(filmRef)15861	4
(filmRef)15862	4
(filmRef)15863	4
(filmRef)15864	4
(filmRef)15865	4
(filmRef)15866	4
(filmRef)15867	4
(filmRef)16099	4
(filmRef)16100	4
(filmRef)16101	4
(filmRef)16102	4
(filmRef)16103	4
(filmRef)16104	4
(filmRef)16105	4
(filmRef)16106	4
(filmRef)16107	4
(filmRef)16108	4
(filmRef)16113	4
(filmRef)16114	4
(filmRef)16115	4
(filmRef)16116	4
(filmRef)16117	4
(filmRef)16118	4
(filmRef)16119	4
(filmRef)16120	4
(filmRef)16121	4
(filmRef)16122	4
(filmRef)16123	4
(filmRef)16124	4
(filmRef)16125	4
(filmRef)16126	4
(filmRef)16127	4
(filmRef)16128	4
(filmRef)16129	4
(filmRef)16130	4
(filmRef)16131	4
(filmRef)16325	4
(filmRef)16326	4
(filmRef)16327	4
(filmRef)16328	4
(filmRef)16329	4
(filmRef)16330	4
(filmRef)16331	4
(filmRef)16332	4
(filmRef)16333	4
(filmRef)16334	4
(filmRef)16353	5
(filmRef)16371	4
(filmRef)16372	4
(filmRef)16373	4
(filmRef)16374	4
(filmRef)16375	4
(filmRef)16376	4
(filmRef)16377	4
(filmRef)16378	4
(filmRef)16379	4
(filmRef)16383	4
(filmRef)16384	4
(filmRef)16385	4
(filmRef)16386	4
(filmRef)16387	4
(filmRef)16388	4
(filmRef)16389	4
(filmRef)16390	4
(filmRef)16391	4
(filmRef)16392	4
(filmRef)16393	4
(filmRef)16867	5
(filmRef)17035	5
(filmRef)17051	4
(filmRef)17052	4
(filmRef)17053	4
(filmRef)17054	4
(filmRef)17055	4
(filmRef)17056	4
(filmRef)17057	4
(filmRef)17058	4
(filmRef)17059	4
(filmRef)17062	4
(filmRef)17063	4
(filmRef)17064	4
(filmRef)17065	4
(filmRef)17066	4
(filmRef)17067	4
(filmRef)17068	4
(filmRef)17069	4
(filmRef)17070	4
(filmRef)17310	4
(filmRef)17311	4
(filmRef)17312	4
(filmRef)17313	4
(filmRef)17314	4
(filmRef)17315	4
(filmRef)17318	4
(filmRef)17320	4
(filmRef)17348	4
(filmRef)17349	4
(filmRef)17350	4
(filmRef)17351	4
(filmRef)17352	4
(filmRef)17353	4
(filmRef)17354	4
(filmRef)17355	4
(filmRef)17356	4
(filmRef)17360	4
(filmRef)17361	4
(filmRef)17362	4
(filmRef)17363	4
(filmRef)17364	4
(filmRef)17365	4
(filmRef)17366	4
(filmRef)17367	4
(filmRef)17368	4
(filmRef)17369	4
(filmRef)17370	4
(filmRef)17371	4
(filmRef)17596	4
(filmRef)17597	4
(filmRef)17598	4
(filmRef)17599	4
(filmRef)17600	4
(filmRef)17601	4
(filmRef)17602	4
(filmRef)17603	4
(filmRef)17604	4
(filmRef)17608	4
(filmRef)17609	4
(filmRef)17610	4
(filmRef)17704	4
(filmRef)17705	4
(filmRef)17706	4
(filmRef)17707	4
(filmRef)17708	4
(filmRef)17709	4
(filmRef)17710	4
(filmRef)17711	4
(filmRef)17712	4
(filmRef)17915	4
(filmRef)17916	4
(filmRef)17917	4
(filmRef)17918	4
(filmRef)17919	4
(filmRef)17920	4
(filmRef)17921	4
(filmRef)17922	4
(filmRef)17923	4
(filmRef)17927	4
(filmRef)17928	4
(filmRef)18070	4
(filmRef)18071	4
(filmRef)18072	4
(filmRef)18073	4
(filmRef)18074	4
(filmRef)18075	4
(filmRef)18076	4
(filmRef)18077	4
(filmRef)18078	4
(filmRef)18079	4
(filmRef)18391	4
(filmRef)18392	4
(filmRef)18393	4
(filmRef)18394	4
(filmRef)18395	4
(filmRef)18396	4
(filmRef)18397	4
(filmRef)18398	4
(filmRef)18399	4
(filmRef)18403	4
(filmRef)18404	4
(filmRef)18405	4
(filmRef)18406	4
(filmRef)18407	4
(filmRef)18408	4
(filmRef)18409	4
(filmRef)18410	4
(filmRef)18411	4
(filmRef)18744	4
(filmRef)18745	4
(filmRef)18746	4
(filmRef)18747	4
(filmRef)18751	4
(filmRef)18752	4
(filmRef)18753	4
(filmRef)18754	4
(filmRef)18755	4
(filmRef)18756	4
(filmRef)18805	4
(filmRef)18806	4
(filmRef)18807	4
(filmRef)18808	4
(filmRef)18810	4
(filmRef)18861	4
(filmRef)18862	4
(filmRef)18863	4
(filmRef)18864	4
(filmRef)18865	4
(filmRef)18869	4
(filmRef)18952	4
(filmRef)18953	4
(filmRef)18954	4
(filmRef)18955	4
(filmRef)18956	4
(filmRef)18957	4
(filmRef)18958	4
(filmRef)18959	4
(filmRef)18960	4
(filmRef)18980	4
(filmRef)19042	4
(filmRef)19043	4
(filmRef)19044	4
(filmRef)19063	4
(filmRef)19064	4
(filmRef)19065	4
(filmRef)19066	4
(filmRef)19067	4
(filmRef)19068	4
(filmRef)20092	13
(filmRef)20154	4
(filmRef)20155	4
(filmRef)20156	4
(filmRef)20157	4
(filmRef)20158	4
(filmRef)20159	4
(filmRef)20160	4
(filmRef)20161	4
(filmRef)20162	4
(filmRef)20166	4
(filmRef)20209	9
(filmRef)20210	9
(filmRef)20324	4
(filmRef)20325	4
(filmRef)20327	4
(filmRef)20328	4
(filmRef)20329	4
(filmRef)20330	4
(filmRef)20331	4
(filmRef)20334	4
(filmRef)20335	4
(filmRef)20336	4
(filmRef)20337	4
(filmRef)20338	4
(filmRef)20339	4
(filmRef)20340	4
(filmRef)20341	4
(filmRef)20342	4
(filmRef)20343	4
(filmRef)20344	4
(filmRef)20345	4
(filmRef)20346	4
(filmRef)20373	5
(filmRef)20395	5
(filmRef)20420	4
(filmRef)20421	4
(filmRef)20422	4
(filmRef)20423	4
(filmRef)20424	4
(filmRef)20425	4
(filmRef)20426	4
(filmRef)20427	4
(filmRef)20428	4
(filmRef)20432	4
(filmRef)20433	4
(filmRef)20434	4
(filmRef)20435	4
(filmRef)20436	4
(filmRef)20437	4
(filmRef)20438	4
(filmRef)20439	4
(filmRef)20440	4
(filmRef)20441	4
(filmRef)20442	4
(filmRef)20443	4
(filmRef)20444	4
(filmRef)20445	4
(filmRef)20468	4
(filmRef)20469	4
(filmRef)20470	4
(filmRef)20471	4
(filmRef)20472	4
(filmRef)20473	4
(filmRef)20474	4
(filmRef)20475	4
(filmRef)20476	4
(filmRef)20480	4
(filmRef)20481	4
(filmRef)20491	4
(filmRef)20492	4
(filmRef)20493	4
(filmRef)20494	4
(filmRef)20495	4
(filmRef)20496	4
(filmRef)20497	4
(filmRef)20498	4
(filmRef)20499	4
(filmRef)20500	4
(filmRef)20501	4
(filmRef)20502	4
(filmRef)20537	4
(filmRef)20538	4
(filmRef)20557	4
(filmRef)20558	4
(filmRef)20559	4
(filmRef)20561	4
(filmRef)20562	4
(filmRef)20563	4
(filmRef)20564	4
(filmRef)20565	4
(filmRef)20569	4
(filmRef)20570	4
(filmRef)20571	4
(filmRef)20572	4
(filmRef)20573	4
(filmRef)20574	4
(filmRef)20575	4
(filmRef)20576	4
(filmRef)20577	4
(filmRef)20578	4
(filmRef)20579	4
(filmRef)20580	4
(filmRef)20581	4
(filmRef)20582	4
(filmRef)20586	4
(filmRef)20587	4
(filmRef)20588	4
(filmRef)20594	4
(filmRef)20595	4
(filmRef)20596	4
(filmRef)20599	4
(filmRef)20607	4
(filmRef)20609	4
(filmRef)20610	4
(filmRef)20611	4
(filmRef)20612	4
(filmRef)20625	4
(filmRef)20626	4
(filmRef)20628	4
(filmRef)20630	4
(filmRef)20631	5
(filmRef)20633	4
(filmRef)20635	4
(filmRef)20637	4
(filmRef)20639	4
(filmRef)20640	4
(filmRef)20641	4
(filmRef)20642	4
(filmRef)20643	4
(filmRef)20644	4
(filmRef)20645	4
(filmRef)20647	4
(filmRef)20648	4
(filmRef)20649	4
(filmRef)20653	4
(filmRef)20654	4
(filmRef)20655	4
(filmRef)20656	4
(filmRef)20657	4
(filmRef)20658	4
(filmRef)20659	4
(filmRef)20660	4
(filmRef)20661	4
(filmRef)20662	4
(filmRef)20663	4
(filmRef)20664	4
(filmRef)20665	4
(filmRef)20666	4
(filmRef)21022	23
(filmRef)15056	9
(filmRef)22557	14
(filmRef)14576	4
(filmRef)20179	35
(filmRef)14841	5
(filmRef)15252	5
(filmRef)15964	4
(filmRef)18375	5
(filmRef)19987	5
(filmRef)20066	5
(filmRef)20293	5
(filmRef)20377	5
(filmRef)20400	5
(filmRef)20465	5
(filmRef)20541	5
(filmRef)21014	23
(filmRef)21150	16
(filmRef)21325	16
(filmRef)5235	2
(filmRef)5273	2
(filmRef)N0512	2
(filmRef)N0900	2
(filmRef)14295	4
(filmRef)14437	4
(filmRef)14440	4
(filmRef)14443	4
(filmRef)14561	11
(filmRef)14562	11
(filmRef)14573	4
(filmRef)14581	4
(filmRef)14583	4
(filmRef)14731	4
(filmRef)15045	29
(filmRef)15205	4
(filmRef)15267	29
(filmRef)15395	4
(filmRef)15419	29
(filmRef)15421	29
(filmRef)16244	4
(filmRef)16245	4
(filmRef)16247	4
(filmRef)16248	4
(filmRef)16250	4
(filmRef)16288	4
(filmRef)16290	4
(filmRef)19248	7
(filmRef)20057	16
(filmRef)20058	16
(filmRef)20093	13
(filmRef)20094	13
(filmRef)20095	13
(filmRef)20096	13
(filmRef)20201	5
(filmRef)20560	4
(filmRef)21264	16
(filmRef)14584	4
(filmRef)20677	4
(filmRef)20678	4
(filmRef)20679	4
(filmRef)20680	4
(filmRef)20681	4
(filmRef)20682	4
(filmRef)20683	4
(filmRef)20684	4
(filmRef)20685	4
(filmRef)20686	4
(filmRef)20687	4
(filmRef)14627	11
(filmRef)14628	11
(filmRef)14629	11
(filmRef)14630	11
(filmRef)14631	11
(filmRef)14632	11
(filmRef)15933	11
(filmRef)15934	11
(filmRef)15935	11
(filmRef)20202	11
(filmRef)20203	11
(filmRef)20204	11
(filmRef)20205	11
(filmRef)20206	11
(filmRef)20235	11
(filmRef)20236	11
(filmRef)20237	11
(filmRef)20238	11
(filmRef)20239	11
(filmRef)14175	4
(filmRef)14176	4
(filmRef)14177	4
(filmRef)14178	4
(filmRef)14179	4
(filmRef)14180	4
(filmRef)14181	4
(filmRef)14182	4
(filmRef)14183	4
(filmRef)14184	4
(filmRef)14459	4
(filmRef)14460	4
(filmRef)14461	4
(filmRef)14462	4
(filmRef)14463	4
(filmRef)14464	4
(filmRef)14465	4
(filmRef)14466	4
(filmRef)14467	4
(filmRef)14468	4
(filmRef)14469	4
(filmRef)14470	4
(filmRef)16177	4
(filmRef)16178	4
(filmRef)16179	4
(filmRef)16180	4
(filmRef)16181	4
(filmRef)16182	4
(filmRef)16183	4
(filmRef)16184	4
(filmRef)16185	4
(filmRef)16555	4
(filmRef)16556	4
(filmRef)16557	4
(filmRef)16591	4
(filmRef)16592	4
(filmRef)16593	4
(filmRef)16594	4
(filmRef)16595	4
(filmRef)16596	4
(filmRef)16597	4
(filmRef)16598	4
(filmRef)16631	4
(filmRef)16632	4
(filmRef)16634	4
(filmRef)16635	4
(filmRef)16814	7
(filmRef)16890	4
(filmRef)16891	4
(filmRef)16892	4
(filmRef)16893	4
(filmRef)16894	4
(filmRef)17189	7
(filmRef)17191	7
(filmRef)17228	29
(filmRef)17229	29
(filmRef)17230	29
(filmRef)17231	29
(filmRef)17309	7
(filmRef)17871	4
(filmRef)17971	4
(filmRef)17972	7
(filmRef)17973	7
(filmRef)19837	4
(filmRef)19838	4
(filmRef)19895	4
(filmRef)19896	4
(filmRef)19897	4
(filmRef)19898	4
(filmRef)19899	4
(filmRef)22453	14
(filmRef)14579	4
(filmRef)14580	4
(filmRef)14585	4
(filmRef)14586	4
(filmRef)14587	4
(filmRef)14812	5
(filmRef)16355	5
(filmRef)17681	5
(filmRef)17695	5
(filmRef)18713	5
(filmRef)20309	5
(filmRef)21033	23
(filmRef)21045	23
(filmRef)21055	23
(filmRef)21060	23
(filmRef)21065	23
(filmRef)21090	23
(filmRef)21093	23
(filmRef)18029	5
(filmRef)20198	5
(filmRef)N0013	2
(filmRef)T0190	2
(filmRef)19983	13
(filmRef)N0057	2
(filmRef)N0058	2
(filmRef)N0059	2
(filmRef)T0182	2
(filmRef)15093	5
(filmRef)20292	5
(filmRef)20624	5
(filmRef)7026	2
(filmRef)T0159	2
(filmRef)14855	9
(filmRef)14856	9
(filmRef)14857	9
(filmRef)14858	9
(filmRef)14859	9
(filmRef)14860	9
(filmRef)14870	9
(filmRef)15135	9
(filmRef)15136	9
(filmRef)15137	9
(filmRef)15138	9
(filmRef)15139	9
(filmRef)15140	9
(filmRef)15141	9
(filmRef)15142	9
(filmRef)15143	9
(filmRef)15147	9
(filmRef)15281	9
(filmRef)15282	9
(filmRef)15283	9
(filmRef)15284	9
(filmRef)15290	9
(filmRef)15291	9
(filmRef)15292	9
(filmRef)15293	9
(filmRef)15294	9
(filmRef)15295	9
(filmRef)15298	9
(filmRef)15299	9
(filmRef)15300	9
(filmRef)15301	9
(filmRef)15302	9
(filmRef)15373	29
(filmRef)17280	16
(filmRef)18437	7
(filmRef)19059	7
(filmRef)20634	5
(filmRef)7033	2
(filmRef)16291	44
(filmRef)17125	33
(filmRef)19061	7
(filmRef)20298	5
(filmRef)15148	9
(filmRef)15149	9
(filmRef)18436	7
(filmRef)21004	23
(filmRef)21007	23
(filmRef)14876	9
(filmRef)14911	9
(filmRef)15150	9
(filmRef)15151	9
(filmRef)16069	16
(filmRef)16251	4
(filmRef)16284	4
(filmRef)19992	5
(filmRef)20142	5
(filmRef)20381	11
(filmRef)20418	5
(filmRef)20505	5
(filmRef)20597	5
(filmRef)21120	23
(filmRef)21122	23
(filmRef)14914	9
(filmRef)16319	16
(filmRef)16640	11
(filmRef)16641	11
(filmRef)19629	11
(filmRef)20193	5
(filmRef)20197	5
(filmRef)20199	5
(filmRef)20304	5
(filmRef)20308	5
(filmRef)20405	5
(filmRef)20407	5
(filmRef)20461	5
(filmRef)20462	5
(filmRef)20482	5
(filmRef)20504	5
(filmRef)20608	5
(filmRef)21125	23
(filmRef)15522	29
(filmRef)15524	29
(filmRef)15525	29
(filmRef)15526	29
(filmRef)18381	5
(filmRef)16822	23
(filmRef)17124	33
(filmRef)17130	33
(filmRef)17535	33
(filmRef)17560	33
(filmRef)17561	33
(filmRef)20069	5
(filmRef)20464	5
(filmRef)20602	5
(filmRef)20302	5
(filmRef)20486	5
(filmRef)20550	5
(filmRef)20603	5
(filmRef)15409	5
(filmRef)20466	5
(filmRef)20551	5
(filmRef)20606	5
(filmRef)20062	5
(filmRef)20552	5
(filmRef)20553	5
(filmRef)15096	11
(filmRef)15097	11
(filmRef)15098	11
(filmRef)15100	11
(filmRef)15101	11
(filmRef)15107	16
(filmRef)21012	23
(filmRef)21324	16
(filmRef)21328	23
(filmRef)21345	23
(filmRef)14281	4
(filmRef)16230	11
(filmRef)16231	11
(filmRef)16232	11
(filmRef)17246	11
(filmRef)18110	11
(filmRef)18111	11
(filmRef)18112	11
(filmRef)19630	11
(filmRef)21118	9
(filmRef)21119	23
(filmRef)21123	23
(filmRef)21124	23
(filmRef)21181	23
(filmRef)21182	23
(filmRef)21183	23
(filmRef)17373	7
(filmRef)15469	16
(filmRef)15471	16
(filmRef)15472	16
(filmRef)15473	16
(filmRef)15474	16
(filmRef)15755	5
(filmRef)16969	16
(filmRef)16982	5
(filmRef)17045	5
(filmRef)17668	16
(filmRef)17729	16
(filmRef)18666	11
(filmRef)18667	11
(filmRef)18668	11
(filmRef)20534	5
(filmRef)20987	23
(filmRef)20996	23
(filmRef)21336	23
(filmRef)21340	23
(filmRef)20127	11
(filmRef)21144	23
(filmRef)N0529	2
(filmRef)T0616	2
(filmRef)18181	7
(filmRef)18182	7
(filmRef)18183	7
(filmRef)18191	7
(filmRef)18192	7
(filmRef)20713	7
(filmRef)21339	23
(filmRef)15911	29
(filmRef)16255	44
(filmRef)14784	11
(filmRef)14785	11
(filmRef)14786	11
(filmRef)14787	11
(filmRef)14788	11
(filmRef)14789	11
(filmRef)14792	11
(filmRef)14793	11
(filmRef)14794	11
(filmRef)14796	11
(filmRef)14740	5
(filmRef)18382	5
(filmRef)20113	13
(filmRef)20134	13
(filmRef)20135	13
(filmRef)20136	13
(filmRef)20137	13
(filmRef)20139	13
(filmRef)20144	13
(filmRef)20145	13
(filmRef)20146	13
(filmRef)20148	13
(filmRef)20149	13
(filmRef)20150	13
(filmRef)20151	13
(filmRef)20152	13
(filmRef)20153	13
(filmRef)14772	11
(filmRef)14778	11
(filmRef)14782	11
(filmRef)14877	9
(filmRef)15536	4
(filmRef)15970	4
(filmRef)15972	9
(filmRef)20125	11
(filmRef)16441	7
(filmRef)16445	7
(filmRef)17238	29
(filmRef)16452	16
(filmRef)16453	16
(filmRef)16454	16
(filmRef)16455	16
(filmRef)16456	16
(filmRef)16457	16
(filmRef)16790	16
(filmRef)14340	16
(filmRef)14341	16
(filmRef)14342	16
(filmRef)15420	29
(filmRef)15470	16
(filmRef)16935	38
(filmRef)17216	16
(filmRef)17438	16
(filmRef)18233	38
(filmRef)18540	7
(filmRef)20729	16
(filmRef)20730	16
(filmRef)20737	16
(filmRef)20743	16
(filmRef)20183	7
(filmRef)17825	38
(filmRef)17858	38
(filmRef)16705	29
(filmRef)15230	9
(filmRef)21306	29
(filmRef)14635	9
(filmRef)15041	9
(filmRef)15335	29
(filmRef)15434	29
(filmRef)19347	29
(filmRef)15372	29
(filmRef)15378	29
(filmRef)20584	5
(filmRef)16950	29
(filmRef)16654	29
(filmRef)14255	5
(filmRef)14256	5
(filmRef)14269	5
(filmRef)14271	5
(filmRef)14272	5
(filmRef)14273	5
(filmRef)14274	5
(filmRef)14275	5
(filmRef)14280	5
(filmRef)14300	5
(filmRef)14301	5
(filmRef)14302	5
(filmRef)14305	5
(filmRef)14318	5
(filmRef)14325	5
(filmRef)14326	5
(filmRef)14327	5
(filmRef)14427	5
(filmRef)14428	5
(filmRef)14429	5
(filmRef)14436	5
(filmRef)14444	5
(filmRef)14506	5
(filmRef)14508	5
(filmRef)14509	5
(filmRef)14512	5
(filmRef)14519	5
(filmRef)14557	5
(filmRef)14565	5
(filmRef)14569	5
(filmRef)14582	5
(filmRef)14589	5
(filmRef)14592	5
(filmRef)14602	5
(filmRef)14607	5
(filmRef)14608	5
(filmRef)14613	5
(filmRef)14614	5
(filmRef)14617	5
(filmRef)14618	5
(filmRef)14634	5
(filmRef)14640	5
(filmRef)14641	5
(filmRef)14703	5
(filmRef)14732	5
(filmRef)14741	5
(filmRef)14743	5
(filmRef)14746	5
(filmRef)14751	5
(filmRef)14753	5
(filmRef)14762	5
(filmRef)14767	5
(filmRef)14769	5
(filmRef)14806	5
(filmRef)14807	5
(filmRef)14810	5
(filmRef)14818	5
(filmRef)14820	5
(filmRef)14848	5
(filmRef)14849	5
(filmRef)14850	5
(filmRef)14851	5
(filmRef)14938	5
(filmRef)14943	5
(filmRef)14996	5
(filmRef)14998	5
(filmRef)14999	5
(filmRef)15001	5
(filmRef)15006	5
(filmRef)15008	5
(filmRef)15016	5
(filmRef)15031	5
(filmRef)15032	5
(filmRef)15046	5
(filmRef)15052	5
(filmRef)15053	5
(filmRef)15054	5
(filmRef)15055	5
(filmRef)15060	5
(filmRef)15108	5
(filmRef)15109	5
(filmRef)15110	5
(filmRef)15111	5
(filmRef)15113	5
(filmRef)15130	5
(filmRef)15131	5
(filmRef)15132	5
(filmRef)15133	5
(filmRef)15155	5
(filmRef)15163	5
(filmRef)15164	5
(filmRef)15177	5
(filmRef)15211	5
(filmRef)15212	5
(filmRef)15223	5
(filmRef)15232	5
(filmRef)15233	5
(filmRef)15251	5
(filmRef)15259	5
(filmRef)15260	5
(filmRef)15312	5
(filmRef)15313	5
(filmRef)15314	5
(filmRef)15315	5
(filmRef)15318	5
(filmRef)15319	5
(filmRef)15320	5
(filmRef)15330	5
(filmRef)15338	5
(filmRef)15345	5
(filmRef)15346	5
(filmRef)15348	5
(filmRef)15349	5
(filmRef)15353	5
(filmRef)15367	5
(filmRef)15411	5
(filmRef)15414	5
(filmRef)15415	5
(filmRef)15429	5
(filmRef)15430	5
(filmRef)15437	5
(filmRef)15438	5
(filmRef)15458	5
(filmRef)15459	5
(filmRef)15553	5
(filmRef)15556	5
(filmRef)15557	5
(filmRef)15561	5
(filmRef)15573	5
(filmRef)15576	5
(filmRef)15585	5
(filmRef)15586	5
(filmRef)15587	5
(filmRef)15593	5
(filmRef)15594	5
(filmRef)15609	5
(filmRef)15610	5
(filmRef)15611	5
(filmRef)15638	5
(filmRef)15639	5
(filmRef)15640	5
(filmRef)15647	5
(filmRef)15650	5
(filmRef)15662	5
(filmRef)15678	5
(filmRef)15679	5
(filmRef)15680	5
(filmRef)15683	5
(filmRef)15684	5
(filmRef)15687	5
(filmRef)15735	5
(filmRef)15736	5
(filmRef)15739	5
(filmRef)15753	5
(filmRef)15754	5
(filmRef)15766	5
(filmRef)15767	5
(filmRef)15790	5
(filmRef)15791	5
(filmRef)15792	5
(filmRef)15795	5
(filmRef)15796	5
(filmRef)15798	5
(filmRef)15804	5
(filmRef)15805	5
(filmRef)15806	5
(filmRef)15833	5
(filmRef)15841	5
(filmRef)15842	5
(filmRef)15843	5
(filmRef)15844	5
(filmRef)15869	5
(filmRef)16008	5
(filmRef)16009	5
(filmRef)16010	5
(filmRef)16011	5
(filmRef)16012	5
(filmRef)16013	5
(filmRef)16014	5
(filmRef)16015	5
(filmRef)16016	5
(filmRef)16017	5
(filmRef)16019	5
(filmRef)16020	5
(filmRef)16021	5
(filmRef)16022	5
(filmRef)16023	5
(filmRef)16024	5
(filmRef)16025	5
(filmRef)16340	5
(filmRef)16341	5
(filmRef)16342	5
(filmRef)16344	5
(filmRef)16345	5
(filmRef)16346	5
(filmRef)16347	5
(filmRef)16348	5
(filmRef)16349	5
(filmRef)16350	5
(filmRef)16351	5
(filmRef)16352	5
(filmRef)16354	5
(filmRef)16356	5
(filmRef)16357	5
(filmRef)16358	5
(filmRef)16359	5
(filmRef)16360	5
(filmRef)16362	5
(filmRef)16363	5
(filmRef)16364	5
(filmRef)16863	5
(filmRef)16864	5
(filmRef)16865	5
(filmRef)16866	5
(filmRef)16868	5
(filmRef)16869	5
(filmRef)16870	5
(filmRef)16871	5
(filmRef)16981	5
(filmRef)16983	5
(filmRef)16984	5
(filmRef)16985	5
(filmRef)16986	5
(filmRef)16987	5
(filmRef)17031	5
(filmRef)17032	5
(filmRef)17033	5
(filmRef)17034	5
(filmRef)17036	5
(filmRef)17037	5
(filmRef)17038	5
(filmRef)17039	5
(filmRef)17042	5
(filmRef)17044	5
(filmRef)17046	5
(filmRef)17047	5
(filmRef)17048	5
(filmRef)17050	5
(filmRef)17282	5
(filmRef)17283	5
(filmRef)17285	5
(filmRef)17286	5
(filmRef)17288	5
(filmRef)17289	5
(filmRef)17290	5
(filmRef)17291	5
(filmRef)17292	5
(filmRef)17293	5
(filmRef)17294	5
(filmRef)17298	5
(filmRef)17299	5
(filmRef)17300	5
(filmRef)17301	5
(filmRef)17303	5
(filmRef)17304	5
(filmRef)17305	5
(filmRef)17322	5
(filmRef)17323	5
(filmRef)17325	5
(filmRef)17326	5
(filmRef)17328	5
(filmRef)17329	5
(filmRef)17330	5
(filmRef)17331	5
(filmRef)17332	5
(filmRef)17333	5
(filmRef)17334	5
(filmRef)17335	5
(filmRef)17336	5
(filmRef)17338	5
(filmRef)17339	5
(filmRef)17340	5
(filmRef)17341	5
(filmRef)17342	5
(filmRef)17343	5
(filmRef)17347	5
(filmRef)17680	5
(filmRef)17682	5
(filmRef)17683	5
(filmRef)17684	5
(filmRef)17685	5
(filmRef)17686	5
(filmRef)17687	5
(filmRef)17689	5
(filmRef)17690	5
(filmRef)17691	5
(filmRef)17692	5
(filmRef)17693	5
(filmRef)17694	5
(filmRef)17696	5
(filmRef)17697	5
(filmRef)17698	5
(filmRef)17699	5
(filmRef)17700	5
(filmRef)17701	5
(filmRef)17702	5
(filmRef)17703	5
(filmRef)17904	5
(filmRef)17905	5
(filmRef)17906	5
(filmRef)17907	5
(filmRef)17908	5
(filmRef)17909	5
(filmRef)18022	5
(filmRef)18023	5
(filmRef)18024	5
(filmRef)18025	5
(filmRef)18026	5
(filmRef)18027	5
(filmRef)18028	5
(filmRef)18030	5
(filmRef)18031	5
(filmRef)18373	5
(filmRef)18374	5
(filmRef)18376	5
(filmRef)18378	5
(filmRef)18379	5
(filmRef)18380	5
(filmRef)18416	5
(filmRef)18712	5
(filmRef)18714	5
(filmRef)18715	5
(filmRef)18716	5
(filmRef)18717	5
(filmRef)18718	5
(filmRef)18719	5
(filmRef)18720	5
(filmRef)18721	5
(filmRef)18722	5
(filmRef)18723	5
(filmRef)18724	5
(filmRef)18725	5
(filmRef)18726	5
(filmRef)18727	5
(filmRef)18981	5
(filmRef)18982	5
(filmRef)18983	5
(filmRef)18984	5
(filmRef)18985	5
(filmRef)18986	5
(filmRef)18987	5
(filmRef)18988	5
(filmRef)18989	5
(filmRef)18991	5
(filmRef)18992	5
(filmRef)18993	5
(filmRef)18995	5
(filmRef)19045	5
(filmRef)19106	5
(filmRef)19227	5
(filmRef)19229	5
(filmRef)19230	5
(filmRef)19231	5
(filmRef)19233	5
(filmRef)19235	5
(filmRef)19236	5
(filmRef)19237	5
(filmRef)19238	5
(filmRef)19239	5
(filmRef)19240	5
(filmRef)19986	5
(filmRef)19988	5
(filmRef)19989	5
(filmRef)19990	5
(filmRef)19991	5
(filmRef)20060	5
(filmRef)20061	5
(filmRef)20063	5
(filmRef)20064	5
(filmRef)20065	5
(filmRef)20067	5
(filmRef)20068	5
(filmRef)20070	5
(filmRef)20138	5
(filmRef)20194	5
(filmRef)20195	5
(filmRef)20196	5
(filmRef)20200	5
(filmRef)20294	5
(filmRef)20295	5
(filmRef)20296	5
(filmRef)20297	5
(filmRef)20299	5
(filmRef)20300	5
(filmRef)20301	5
(filmRef)20303	5
(filmRef)20305	5
(filmRef)20306	5
(filmRef)20307	5
(filmRef)20310	5
(filmRef)20311	5
(filmRef)20312	5
(filmRef)20313	5
(filmRef)20315	5
(filmRef)20316	5
(filmRef)20317	5
(filmRef)20371	5
(filmRef)20372	5
(filmRef)20374	5
(filmRef)20375	5
(filmRef)20376	5
(filmRef)20378	5
(filmRef)20379	5
(filmRef)20393	5
(filmRef)20394	5
(filmRef)20396	5
(filmRef)20397	5
(filmRef)20398	5
(filmRef)20399	5
(filmRef)20401	5
(filmRef)20402	5
(filmRef)20404	5
(filmRef)20406	5
(filmRef)20408	5
(filmRef)20410	5
(filmRef)20411	5
(filmRef)20412	5
(filmRef)20413	5
(filmRef)20414	5
(filmRef)20415	5
(filmRef)20416	5
(filmRef)20417	5
(filmRef)20455	5
(filmRef)20457	5
(filmRef)20458	5
(filmRef)20459	5
(filmRef)20467	5
(filmRef)20483	5
(filmRef)20484	5
(filmRef)20485	5
(filmRef)20487	5
(filmRef)20489	5
(filmRef)20490	5
(filmRef)20533	5
(filmRef)20540	5
(filmRef)20543	5
(filmRef)20544	5
(filmRef)20546	5
(filmRef)20548	5
(filmRef)20554	5
(filmRef)20555	5
(filmRef)20583	5
(filmRef)20589	5
(filmRef)20590	5
(filmRef)20593	5
(filmRef)20598	5
(filmRef)20600	5
(filmRef)20627	5
(filmRef)20629	5
(filmRef)20636	5
(filmRef)20638	5
(filmRef)20182	7
(filmRef)14773	11
(filmRef)14775	11
(filmRef)14780	11
(filmRef)14781	11
(filmRef)14783	11
(filmRef)UCS0125	2
(filmRef)15342	29
(filmRef)20673	11
(filmRef)20676	11
(filmRef)UCS0210	2
(filmRef)15734	13
(filmRef)16678	11
(filmRef)17148	4
(filmRef)17152	4
(filmRef)20705	13
(filmRef)15635	16
(filmRef)16186	4
(filmRef)14315	29
(filmRef)14317	29
(filmRef)14763	29
(filmRef)14765	29
(filmRef)14898	16
(filmRef)14899	16
(filmRef)14900	16
(filmRef)14901	16
(filmRef)14902	16
(filmRef)14903	16
(filmRef)15090	4
(filmRef)15416	16
(filmRef)15417	16
(filmRef)15418	16
(filmRef)15479	29
(filmRef)15482	29
(filmRef)15483	29
(filmRef)15485	16
(filmRef)15486	16
(filmRef)15512	16
(filmRef)15513	16
(filmRef)15514	16
(filmRef)15515	16
(filmRef)15516	16
(filmRef)15517	16
(filmRef)15641	16
(filmRef)15642	16
(filmRef)15643	16
(filmRef)15644	16
(filmRef)15645	16
(filmRef)15646	16
(filmRef)15835	16
(filmRef)15836	16
(filmRef)15837	16
(filmRef)15838	16
(filmRef)15839	16
(filmRef)15840	16
(filmRef)16227	11
(filmRef)16228	11
(filmRef)16571	16
(filmRef)16998	11
(filmRef)16999	11
(filmRef)17000	11
(filmRef)17001	11
(filmRef)17002	11
(filmRef)17003	11
(filmRef)17004	11
(filmRef)17005	11
(filmRef)17006	11
(filmRef)17671	11
(filmRef)17672	11
(filmRef)17673	11
(filmRef)17674	11
(filmRef)17675	11
(filmRef)17676	11
(filmRef)17677	11
(filmRef)17678	11
(filmRef)17679	11
(filmRef)18107	11
(filmRef)18109	11
(filmRef)18113	11
(filmRef)18114	11
(filmRef)18115	11
(filmRef)18285	11
(filmRef)18286	11
(filmRef)18287	11
(filmRef)21148	16
(filmRef)21303	29
(filmRef)21304	29
(filmRef)21305	29
(filmRef)21307	29
(filmRef)21308	29
(filmRef)21309	29
(filmRef)21310	29
(filmRef)3464	23
(filmRef)14313	29
(filmRef)14314	29
(filmRef)14316	29
(filmRef)14764	29
(filmRef)14790	11
(filmRef)14791	11
(filmRef)15125	16
(filmRef)15480	29
(filmRef)15481	29
(filmRef)15484	29
(filmRef)16229	11
(filmRef)17007	11
(filmRef)17008	11
(filmRef)17009	11
(filmRef)18108	11
(filmRef)19048	2
(filmRef)19312	7
(filmRef)19313	7
(filmRef)20043	29
(filmRef)20044	29
(filmRef)20045	29
(filmRef)20046	29
(filmRef)20047	29
(filmRef)20048	29
(filmRef)21326	16
(filmRef)21327	16
(filmRef)19126	29
(filmRef)19127	29
(filmRef)19128	29
(filmRef)19449	44
(filmRef)14433	11
(filmRef)17402	11
(filmRef)14888	16
(filmRef)14993	29
(filmRef)15231	29
(filmRef)15238	2
(filmRef)15750	13
(filmRef)15989	16
(filmRef)17404	11
(filmRef)20213	9
(filmRef)20986	23
(filmRef)14371	16
(filmRef)14989	29
(filmRef)14992	29
(filmRef)15087	4
(filmRef)15121	16
(filmRef)15123	16
(filmRef)15234	2
(filmRef)15236	2
(filmRef)15239	2
(filmRef)15422	29
(filmRef)15423	29
(filmRef)15424	29
(filmRef)15475	29
(filmRef)15476	29
(filmRef)15528	29
(filmRef)16226	11
(filmRef)17770	29
(filmRef)18288	11
(filmRef)18289	11
(filmRef)18290	11
(filmRef)18669	11
(filmRef)18670	11
(filmRef)18671	11
(filmRef)18672	11
(filmRef)18673	11
(filmRef)14287	16
(filmRef)14288	16
(filmRef)14289	16
(filmRef)14290	16
(filmRef)14291	16
(filmRef)14292	16
(filmRef)15091	4
(filmRef)15477	29
(filmRef)15478	29
(filmRef)18291	11
(filmRef)18292	11
(filmRef)18293	11
(filmRef)18485	4
(filmRef)15636	16
(filmRef)16187	4
(filmRef)15637	16
(filmRef)16188	4
(filmRef)15186	13
(filmRef)15493	29
(filmRef)1431	2
(filmRef)1669	2
(filmRef)5302	2
(filmRef)7035	2
(filmRef)7036	2
(filmRef)7037	2
(filmRef)T1883	2
(filmRef)17422	7
(filmRef)14312	29
(filmRef)20011	13
(filmRef)T1046	2
(filmRef)17586	23
(filmRef)17587	23
(filmRef)17588	23
(filmRef)17589	23
(filmRef)17590	23
(filmRef)17591	23
(filmRef)17592	23
(filmRef)17593	23
(filmRef)21322	16
(filmRef)14319	7
(filmRef)14320	7
(filmRef)14321	7
(filmRef)14322	7
(filmRef)14323	7
(filmRef)14324	7
(filmRef)16239	44
(filmRef)19088	7
(filmRef)22425	14
(filmRef)15916	29
(filmRef)14867	9
(filmRef)15917	29
(filmRef)14862	9
(filmRef)17040	44
(filmRef)N0588	2
(filmRef)14336	16
(filmRef)14337	16
(filmRef)14338	16
(filmRef)14716	16
(filmRef)15502	16
(filmRef)15600	16
(filmRef)15605	16
(filmRef)15626	16
(filmRef)15629	16
(filmRef)16063	16
(filmRef)16066	16
(filmRef)16067	16
(filmRef)16068	16
(filmRef)16070	16
(filmRef)16073	16
(filmRef)16074	16
(filmRef)16075	16
(filmRef)16077	16
(filmRef)16078	16
(filmRef)16080	16
(filmRef)16081	16
(filmRef)16949	29
(filmRef)16951	29
(filmRef)16980	29
(filmRef)17430	29
(filmRef)19631	16
(filmRef)15942	4
(filmRef)18354	29
(filmRef)20187	7
(filmRef)20188	7
(filmRef)20189	7
(filmRef)14369	16
(filmRef)15370	29
(filmRef)15371	29
(filmRef)15601	16
(filmRef)15607	16
(filmRef)15632	16
(filmRef)15785	16
(filmRef)16065	16
(filmRef)17431	29
(filmRef)20739	16
(filmRef)14422	7
(filmRef)15631	16
(filmRef)15943	4
(filmRef)16071	16
(filmRef)17213	16
(filmRef)17215	16
(filmRef)17435	16
(filmRef)17437	16
(filmRef)18852	16
(filmRef)15633	16
(filmRef)15936	4
(filmRef)15937	4
(filmRef)15938	4
(filmRef)15939	4
(filmRef)15940	4
(filmRef)16692	29
(filmRef)16693	29
(filmRef)16940	29
(filmRef)17214	16
(filmRef)17436	16
(filmRef)18413	29
(filmRef)17424	7
(filmRef)19087	7
(filmRef)20211	9
(filmRef)20758	7
(filmRef)17096	13
(filmRef)21265	16
(filmRef)16461	16
(filmRef)16462	16
(filmRef)17963	33
(filmRef)18521	7
(filmRef)20749	7
(filmRef)20751	7
(filmRef)20753	7
(filmRef)21130	23
(filmRef)21149	16
(filmRef)16706	29
(filmRef)16708	29
(filmRef)20167	29
(filmRef)20168	29
(filmRef)20169	29
(filmRef)20170	29
(filmRef)15566	16
(filmRef)15519	16
(filmRef)16878	44
(filmRef)21151	16
(filmRef)20190	7
(filmRef)21146	16
(filmRef)UCS0117	2
(filmRef)19273	4
(filmRef)21346	23
(filmRef)21097	23
(filmRef)21101	23
(filmRef)15958	13
(filmRef)16256	44
(filmRef)2028	13
(filmRef)20005	11
(filmRef)5258	2
(filmRef)16240	44
(filmRef)16879	44
(filmRef)21268	16
(filmRef)16235	11
(filmRef)18359	29
(filmRef)15235	2
(filmRef)14430	11
(filmRef)17296	44
(filmRef)17344	44
(filmRef)14370	16
(filmRef)14551	16
(filmRef)18764	16
(filmRef)16956	29
(filmRef)19451	44
(filmRef)14994	29
(filmRef)15439	29
(filmRef)15440	29
(filmRef)15547	29
(filmRef)15993	16
(filmRef)16420	9
(filmRef)16427	9
(filmRef)17180	9
(filmRef)19883	9
(filmRef)20051	5
(filmRef)20052	5
(filmRef)20053	5
(filmRef)20054	5
(filmRef)20055	5
(filmRef)20059	16
(filmRef)20085	5
(filmRef)20086	5
(filmRef)20087	5
(filmRef)20089	5
(filmRef)20090	5
(filmRef)20347	16
(filmRef)20348	16
(filmRef)20349	16
(filmRef)20350	16
(filmRef)20351	16
(filmRef)20352	16
(filmRef)UCS0079	2
(filmRef)14376	41
(filmRef)14377	41
(filmRef)14905	41
(filmRef)14906	41
(filmRef)14907	41
(filmRef)15280	41
(filmRef)15306	9
(filmRef)15307	9
(filmRef)16650	29
(filmRef)19251	7
(filmRef)14515	9
(filmRef)14809	9
(filmRef)14974	9
(filmRef)15412	9
(filmRef)15656	4
(filmRef)15807	9
(filmRef)15870	4
(filmRef)21139	23
(filmRef)21142	23
(filmRef)15044	29
(filmRef)15083	29
(filmRef)18675	13
(filmRef)18676	13
(filmRef)20097	13
(filmRef)20384	13
(filmRef)20385	13
(filmRef)19980	13
(filmRef)19981	13
(filmRef)15535	4
(filmRef)15732	13
(filmRef)14421	7
(filmRef)14423	7
(filmRef)16311	7
(filmRef)16312	7
(filmRef)17773	7
(filmRef)17774	7
(filmRef)18775	7
(filmRef)18776	7
(filmRef)18779	7
(filmRef)18780	7
(filmRef)18794	7
(filmRef)18797	7
(filmRef)18803	7
(filmRef)19017	7
(filmRef)19018	7
(filmRef)19052	7
(filmRef)19134	7
(filmRef)19342	7
(filmRef)19343	7
(filmRef)19368	7
(filmRef)19369	7
(filmRef)19370	7
(filmRef)18001	7
(filmRef)18002	7
(filmRef)18003	7
(filmRef)14431	11
(filmRef)14432	11
(filmRef)14434	11
(filmRef)14435	11
(filmRef)16676	11
(filmRef)16677	11
(filmRef)16679	11
(filmRef)20000	11
(filmRef)20001	11
(filmRef)20002	11
(filmRef)20003	11
(filmRef)20006	11
(filmRef)20008	11
(filmRef)20009	11
(filmRef)20010	11
(filmRef)20020	11
(filmRef)20021	11
(filmRef)20022	11
(filmRef)20023	11
(filmRef)20025	11
(filmRef)20115	11
(filmRef)20116	11
(filmRef)20117	11
(filmRef)20118	11
(filmRef)20119	11
(filmRef)20120	11
(filmRef)20121	11
(filmRef)20122	11
(filmRef)20124	11
(filmRef)20126	11
(filmRef)20128	11
(filmRef)20129	11
(filmRef)20130	11
(filmRef)20131	11
(filmRef)20132	11
(filmRef)20369	11
(filmRef)20370	11
(filmRef)20387	11
(filmRef)20388	11
(filmRef)20672	11
(filmRef)20674	11
(filmRef)20675	11
(filmRef)5265	2
(filmRef)5268	2
(filmRef)14890	16
(filmRef)14891	16
(filmRef)14892	16
(filmRef)14893	16
(filmRef)16809	7
(filmRef)16810	7
(filmRef)16811	7
(filmRef)16812	7
(filmRef)16813	7
(filmRef)17295	44
(filmRef)17345	44
(filmRef)14872	9
(filmRef)14869	9
(filmRef)14865	9
(filmRef)17043	44
(filmRef)14457	42
(filmRef)14458	42
(filmRef)15356	29
(filmRef)15358	29
(filmRef)16825	29
(filmRef)16826	29
(filmRef)16827	29
(filmRef)16828	29
(filmRef)16829	29
(filmRef)16831	29
(filmRef)16833	29
(filmRef)16834	29
(filmRef)16942	29
(filmRef)16943	29
(filmRef)20217	29
(filmRef)20218	29
(filmRef)20219	29
(filmRef)20220	29
(filmRef)20221	29
(filmRef)20222	29
(filmRef)20224	29
(filmRef)17433	29
(filmRef)17434	29
(filmRef)T0456	2
(filmRef)20050	5
(filmRef)20088	5
(filmRef)14875	9
(filmRef)14499	16
(filmRef)14500	16
(filmRef)14600	16
(filmRef)14601	16
(filmRef)15487	16
(filmRef)15488	16
(filmRef)15489	16
(filmRef)19019	7
(filmRef)15171	4
(filmRef)15994	4
(filmRef)19140	4
(filmRef)19142	4
(filmRef)19154	4
(filmRef)19158	4
(filmRef)19271	4
(filmRef)19272	4
(filmRef)19278	4
(filmRef)19279	4
(filmRef)19280	4
(filmRef)20326	4
(filmRef)20725	16
(filmRef)16854	16
(filmRef)16855	16
(filmRef)16856	16
(filmRef)16989	16
(filmRef)16990	16
(filmRef)16991	16
(filmRef)16992	16
(filmRef)16993	16
(filmRef)16994	16
(filmRef)16995	16
(filmRef)16996	16
(filmRef)16997	16
(filmRef)15504	16
(filmRef)16315	16
(filmRef)16316	16
(filmRef)16317	16
(filmRef)16335	16
(filmRef)16336	16
(filmRef)16337	16
(filmRef)16338	16
(filmRef)16339	16
(filmRef)18493	16
(filmRef)18515	16
(filmRef)14521	13
(filmRef)14522	13
(filmRef)14523	13
(filmRef)14524	13
(filmRef)14525	13
(filmRef)14734	13
(filmRef)14735	13
(filmRef)14736	13
(filmRef)14737	13
(filmRef)14738	13
(filmRef)14739	13
(filmRef)17989	13
(filmRef)18256	13
(filmRef)18257	13
(filmRef)18258	13
(filmRef)18259	13
(filmRef)N0412	29
(filmRef)14528	7
(filmRef)14530	7
(filmRef)16874	44
(filmRef)17049	44
(filmRef)16794	7
(filmRef)19241	7
(filmRef)16926	16
(filmRef)19350	38
(filmRef)15065	16
(filmRef)15066	16
(filmRef)15067	16
(filmRef)15071	16
(filmRef)15072	16
(filmRef)17421	7
(filmRef)17635	7
(filmRef)17638	7
(filmRef)18141	7
(filmRef)18385	38
(filmRef)18387	38
(filmRef)18654	38
(filmRef)18655	38
(filmRef)18656	38
(filmRef)18658	38
(filmRef)19351	38
(filmRef)19352	38
(filmRef)19353	38
(filmRef)19354	38
(filmRef)19355	38
(filmRef)19356	38
(filmRef)19357	38
(filmRef)19358	38
(filmRef)19359	38
(filmRef)19360	38
(filmRef)19361	38
(filmRef)19363	38
(filmRef)19364	38
(filmRef)19365	38
(filmRef)19366	38
(filmRef)19367	38
(filmRef)19371	38
(filmRef)19372	38
(filmRef)19373	38
(filmRef)19374	38
(filmRef)19375	38
(filmRef)19376	38
(filmRef)19377	38
(filmRef)19378	38
(filmRef)15117	16
(filmRef)14552	16
(filmRef)14553	16
(filmRef)14554	16
(filmRef)14555	16
(filmRef)14556	16
(filmRef)14720	16
(filmRef)14721	16
(filmRef)14722	16
(filmRef)14723	16
(filmRef)14724	16
(filmRef)14725	16
(filmRef)14726	16
(filmRef)14727	16
(filmRef)14975	16
(filmRef)14976	16
(filmRef)14977	16
(filmRef)14978	16
(filmRef)14979	16
(filmRef)14980	16
(filmRef)15224	29
(filmRef)16142	16
(filmRef)18353	29
(filmRef)18758	16
(filmRef)18760	16
(filmRef)18761	16
(filmRef)18763	16
(filmRef)18765	16
(filmRef)18766	16
(filmRef)18768	16
(filmRef)18849	16
(filmRef)18850	16
(filmRef)18853	16
(filmRef)18854	16
(filmRef)18855	16
(filmRef)18856	16
(filmRef)19028	16
(filmRef)19029	16
(filmRef)19030	16
(filmRef)19031	16
(filmRef)19032	16
(filmRef)19033	16
(filmRef)21298	23
(filmRef)18851	16
(filmRef)16197	16
(filmRef)17965	33
(filmRef)18414	29
(filmRef)20759	7
(filmRef)20760	7
(filmRef)16301	29
(filmRef)16307	29
(filmRef)16695	29
(filmRef)16699	29
(filmRef)16762	29
(filmRef)18528	7
(filmRef)20715	7
(filmRef)16960	29
(filmRef)14704	16
(filmRef)14711	16
(filmRef)15062	29
(filmRef)15492	29
(filmRef)14705	16
(filmRef)14706	16
(filmRef)14707	16
(filmRef)14708	16
(filmRef)14709	16
(filmRef)14710	16
(filmRef)14712	16
(filmRef)14713	16
(filmRef)14714	16
(filmRef)14715	16
(filmRef)15156	16
(filmRef)16044	16
(filmRef)15501	16
(filmRef)17243	29
(filmRef)17244	29
(filmRef)17245	29
(filmRef)17381	29
(filmRef)17384	29
(filmRef)17387	29
(filmRef)17390	29
(filmRef)15114	16
(filmRef)15115	16
(filmRef)15116	16
(filmRef)15118	16
(filmRef)15119	16
(filmRef)15984	13
(filmRef)16310	29
(filmRef)16952	29
(filmRef)17232	29
(filmRef)18356	29
(filmRef)18659	38
(filmRef)18887	38
(filmRef)19982	13
(filmRef)16034	16
(filmRef)16292	44
(filmRef)14853	29
(filmRef)15510	16
(filmRef)16872	44
(filmRef)16961	29
(filmRef)17209	23
(filmRef)17241	29
(filmRef)17249	11
(filmRef)15967	4
(filmRef)21086	23
(filmRef)19605	23
(filmRef)18625	23
(filmRef)18825	23
(filmRef)15263	13
(filmRef)15912	29
(filmRef)16041	16
(filmRef)18626	23
(filmRef)16302	29
(filmRef)16304	29
(filmRef)16305	29
(filmRef)16306	29
(filmRef)16308	29
(filmRef)16953	29
(filmRef)16954	29
(filmRef)16955	29
(filmRef)16957	29
(filmRef)16959	29
(filmRef)17233	29
(filmRef)17234	29
(filmRef)17236	29
(filmRef)17237	29
(filmRef)17239	29
(filmRef)17240	29
(filmRef)18352	29
(filmRef)18355	29
(filmRef)18357	29
(filmRef)N0394	2
(filmRef)N0404	2
(filmRef)T2029	2
(filmRef)15264	13
(filmRef)15913	29
(filmRef)15914	29
(filmRef)16043	16
(filmRef)19362	38
(filmRef)T1411	2
(filmRef)T0497	2
(filmRef)15915	29
(filmRef)16877	4
(filmRef)14604	29
(filmRef)14605	29
(filmRef)15343	29
(filmRef)17095	13
(filmRef)17269	16
(filmRef)16873	44
(filmRef)17041	44
(filmRef)14861	9
(filmRef)15196	16
(filmRef)15198	16
(filmRef)16321	38
(filmRef)T1010	2
(filmRef)15078	16
(filmRef)18336	7
(filmRef)18677	7
(filmRef)16298	16
(filmRef)18575	29
(filmRef)19446	44
(filmRef)T1916	2
(filmRef)17190	7
(filmRef)17739	16
(filmRef)18004	7
(filmRef)18268	7
(filmRef)18323	7
(filmRef)18650	7
(filmRef)18777	7
(filmRef)18798	7
(filmRef)20733	16
(filmRef)17372	7
(filmRef)17379	7
(filmRef)18142	7
(filmRef)18143	7
(filmRef)17307	7
(filmRef)18201	7
(filmRef)20762	7
(filmRef)16823	4
(filmRef)16579	44
(filmRef)21054	23
(filmRef)16651	29
(filmRef)16652	29
(filmRef)16653	29
(filmRef)16655	29
(filmRef)19447	44
(filmRef)20726	16
(filmRef)19625	16
(filmRef)16257	44
(filmRef)16580	44
(filmRef)18068	44
(filmRef)3332	2
(filmRef)14864	9
(filmRef)21145	23
(filmRef)15200	16
(filmRef)16367	44
(filmRef)16414	44
(filmRef)15503	16
(filmRef)15505	16
(filmRef)15506	16
(filmRef)15507	16
(filmRef)15508	16
(filmRef)15509	16
(filmRef)15596	16
(filmRef)15597	16
(filmRef)15598	16
(filmRef)15599	16
(filmRef)15602	16
(filmRef)15603	16
(filmRef)15604	16
(filmRef)15606	16
(filmRef)15608	16
(filmRef)15627	16
(filmRef)15628	16
(filmRef)15630	16
(filmRef)15634	16
(filmRef)16031	16
(filmRef)16032	16
(filmRef)16033	16
(filmRef)16035	16
(filmRef)16042	16
(filmRef)16309	29
(filmRef)18728	29
(filmRef)18729	29
(filmRef)4884	2
(filmRef)21029	23
(filmRef)15369	29
(filmRef)16036	16
(filmRef)16037	16
(filmRef)16140	16
(filmRef)16141	16
(filmRef)16143	16
(filmRef)16145	16
(filmRef)16146	16
(filmRef)16148	16
(filmRef)16150	16
(filmRef)16151	16
(filmRef)16152	16
(filmRef)16153	16
(filmRef)16154	16
(filmRef)16156	16
(filmRef)16157	16
(filmRef)16158	16
(filmRef)16159	16
(filmRef)16160	16
(filmRef)16162	16
(filmRef)16164	16
(filmRef)16165	16
(filmRef)16166	16
(filmRef)16168	16
(filmRef)16169	16
(filmRef)16170	16
(filmRef)16216	16
(filmRef)16218	16
(filmRef)16219	16
(filmRef)16220	16
(filmRef)16221	16
(filmRef)16222	16
(filmRef)16223	16
(filmRef)16224	16
(filmRef)16225	16
(filmRef)16489	16
(filmRef)16490	16
(filmRef)16491	16
(filmRef)16492	16
(filmRef)16493	16
(filmRef)16494	16
(filmRef)16495	16
(filmRef)16496	16
(filmRef)16497	16
(filmRef)16560	16
(filmRef)16880	16
(filmRef)16881	16
(filmRef)16882	16
(filmRef)16883	16
(filmRef)16884	16
(filmRef)16885	16
(filmRef)16886	16
(filmRef)16887	16
(filmRef)16888	16
(filmRef)16889	16
(filmRef)17250	16
(filmRef)17251	16
(filmRef)17252	16
(filmRef)17253	16
(filmRef)17256	16
(filmRef)17257	16
(filmRef)17258	16
(filmRef)17259	16
(filmRef)17260	16
(filmRef)17261	16
(filmRef)17263	16
(filmRef)17264	16
(filmRef)17265	16
(filmRef)17266	16
(filmRef)17267	16
(filmRef)17268	16
(filmRef)17270	16
(filmRef)17271	16
(filmRef)17272	16
(filmRef)17273	16
(filmRef)17274	16
(filmRef)17275	16
(filmRef)17276	16
(filmRef)17277	16
(filmRef)17278	16
(filmRef)17279	16
(filmRef)17736	16
(filmRef)17737	16
(filmRef)17738	16
(filmRef)17235	29
(filmRef)17401	11
(filmRef)21068	23
(filmRef)16324	38
(filmRef)21070	23
(filmRef)15945	29
(filmRef)15946	29
(filmRef)21016	16
(filmRef)16233	11
(filmRef)16234	11
(filmRef)20988	23
(filmRef)14797	13
(filmRef)14798	13
(filmRef)14799	13
(filmRef)14800	13
(filmRef)14801	13
(filmRef)14802	13
(filmRef)14803	43
(filmRef)14804	43
(filmRef)14805	43
(filmRef)14868	9
(filmRef)17641	16
(filmRef)17642	16
(filmRef)17643	16
(filmRef)17644	16
(filmRef)17645	16
(filmRef)17646	16
(filmRef)19452	44
(filmRef)14822	23
(filmRef)14823	23
(filmRef)14824	23
(filmRef)14825	23
(filmRef)14826	23
(filmRef)14827	23
(filmRef)20989	23
(filmRef)20990	23
(filmRef)20992	23
(filmRef)20993	23
(filmRef)20994	23
(filmRef)20998	23
(filmRef)20999	23
(filmRef)21000	23
(filmRef)21003	23
(filmRef)21005	23
(filmRef)21006	23
(filmRef)21008	23
(filmRef)21009	23
(filmRef)21010	23
(filmRef)21011	23
(filmRef)21013	23
(filmRef)21023	23
(filmRef)21024	23
(filmRef)21026	23
(filmRef)21027	23
(filmRef)21028	23
(filmRef)21030	23
(filmRef)21032	23
(filmRef)21043	23
(filmRef)21046	23
(filmRef)21047	23
(filmRef)21052	23
(filmRef)21053	23
(filmRef)21061	23
(filmRef)21063	23
(filmRef)21064	23
(filmRef)21066	23
(filmRef)21067	23
(filmRef)21069	23
(filmRef)21077	23
(filmRef)21078	23
(filmRef)21079	23
(filmRef)21080	23
(filmRef)21081	23
(filmRef)21082	23
(filmRef)21083	23
(filmRef)21084	23
(filmRef)21085	23
(filmRef)21087	23
(filmRef)21088	23
(filmRef)21094	23
(filmRef)21096	23
(filmRef)21099	23
(filmRef)21100	23
(filmRef)21102	23
(filmRef)21103	23
(filmRef)21105	23
(filmRef)21106	23
(filmRef)21107	23
(filmRef)21108	23
(filmRef)21109	23
(filmRef)21110	23
(filmRef)21111	23
(filmRef)21112	23
(filmRef)21113	23
(filmRef)21114	23
(filmRef)21121	23
(filmRef)21127	23
(filmRef)21128	23
(filmRef)21129	23
(filmRef)21131	23
(filmRef)21132	23
(filmRef)21133	23
(filmRef)21140	23
(filmRef)21141	23
(filmRef)21143	23
(filmRef)21365	23
(filmRef)21368	23
(filmRef)21369	23
(filmRef)21370	23
(filmRef)21371	23
(filmRef)21372	23
(filmRef)21373	23
(filmRef)21453	23
(filmRef)N0659	29
(filmRef)14874	9
(filmRef)15432	29
(filmRef)20750	7
(filmRef)20752	7
(filmRef)17386	29
(filmRef)15495	29
(filmRef)20732	16
(filmRef)20742	16
(filmRef)15548	29
(filmRef)15918	29
(filmRef)20727	16
(filmRef)20731	16
(filmRef)20738	16
(filmRef)20740	16
(filmRef)20741	16
(filmRef)20747	16
(filmRef)15700	29
(filmRef)15702	29
(filmRef)18643	7
(filmRef)15354	29
(filmRef)15904	29
(filmRef)15906	29
(filmRef)15908	29
(filmRef)N0085	29
(filmRef)14852	29
(filmRef)2979	2
(filmRef)2980	2
(filmRef)3143	2
(filmRef)3144	2
(filmRef)16368	44
(filmRef)16415	44
(filmRef)16027	16
(filmRef)17247	11
(filmRef)17248	11
(filmRef)18484	16
(filmRef)2918	13
(filmRef)2919	13
(filmRef)2920	13
(filmRef)15086	4
(filmRef)16058	16
(filmRef)16059	16
(filmRef)16060	16
(filmRef)16061	16
(filmRef)16062	16
(filmRef)16254	16
(filmRef)15075	16
(filmRef)15076	16
(filmRef)15077	16
(filmRef)15310	16
(filmRef)15311	16
(filmRef)15316	16
(filmRef)15329	16
(filmRef)15339	16
(filmRef)15340	16
(filmRef)15876	16
(filmRef)15877	16
(filmRef)15878	16
(filmRef)15879	16
(filmRef)15880	16
(filmRef)16003	16
(filmRef)15999	16
(filmRef)16925	16
(filmRef)15073	16
(filmRef)15364	16
(filmRef)15365	16
(filmRef)18168	33
(filmRef)14930	38
(filmRef)15120	16
(filmRef)15122	16
(filmRef)15124	16
(filmRef)15126	16
(filmRef)15127	16
(filmRef)15128	16
(filmRef)15129	16
(filmRef)16092	16
(filmRef)16093	16
(filmRef)16094	16
(filmRef)16095	16
(filmRef)16096	16
(filmRef)16097	16
(filmRef)16294	16
(filmRef)17161	16
(filmRef)17162	16
(filmRef)17163	16
(filmRef)17164	16
(filmRef)17165	16
(filmRef)17166	16
(filmRef)17439	38
(filmRef)17776	16
(filmRef)19182	16
(filmRef)T1650	2
(filmRef)15733	13
(filmRef)5243	2
(filmRef)N0421	2
(filmRef)15195	16
(filmRef)14931	38
(filmRef)16320	38
(filmRef)16322	38
(filmRef)16323	38
(filmRef)16546	38
(filmRef)16547	38
(filmRef)16548	38
(filmRef)16549	38
(filmRef)16550	38
(filmRef)17440	38
(filmRef)17445	38
(filmRef)17446	38
(filmRef)17768	29
(filmRef)17816	33
(filmRef)18217	38
(filmRef)18218	38
(filmRef)18219	38
(filmRef)18229	38
(filmRef)18230	38
(filmRef)18231	38
(filmRef)18232	38
(filmRef)15998	16
(filmRef)T1860	2
(filmRef)16163	16
(filmRef)16076	16
(filmRef)21269	16
(filmRef)17733	33
(filmRef)18358	29
(filmRef)4873	2
(filmRef)15173	13
(filmRef)15327	16
(filmRef)15563	16
(filmRef)15564	16
(filmRef)15569	16
(filmRef)15570	16
(filmRef)15781	16
(filmRef)15782	16
(filmRef)15788	16
(filmRef)19131	7
(filmRef)19177	7
(filmRef)19178	7
(filmRef)19181	7
(filmRef)19192	7
(filmRef)14987	45
(filmRef)14988	45
(filmRef)15265	29
(filmRef)15268	29
(filmRef)15019	29
(filmRef)15020	29
(filmRef)15021	29
(filmRef)15074	16
(filmRef)16937	16
(filmRef)18235	16
(filmRef)15081	29
(filmRef)19010	7
(filmRef)19057	29
(filmRef)19132	7
(filmRef)15051	9
(filmRef)16241	44
(filmRef)17388	29
(filmRef)17391	29
(filmRef)17392	29
(filmRef)17429	29
(filmRef)15069	16
(filmRef)15070	16
(filmRef)16929	16
(filmRef)16366	44
(filmRef)16413	44
(filmRef)18519	7
(filmRef)18520	7
(filmRef)19706	7
(filmRef)21366	23
(filmRef)15363	16
(filmRef)16313	16
(filmRef)16847	16
(filmRef)17775	11
(filmRef)18080	11
(filmRef)4131	11
(filmRef)UCS0057	2
(filmRef)UCS0099	2
(filmRef)15102	16
(filmRef)15103	16
(filmRef)15106	16
(filmRef)15253	16
(filmRef)16004	16
(filmRef)20707	16
(filmRef)20708	16
(filmRef)22865	14
(filmRef)22867	14
(filmRef)22900	14
(filmRef)22901	14
(filmRef)15910	29
(filmRef)UCS0060	2
(filmRef)16875	44
(filmRef)UCS0135	2
(filmRef)15153	46
(filmRef)15366	46
(filmRef)15157	16
(filmRef)15158	16
(filmRef)15159	16
(filmRef)15160	16
(filmRef)15991	16
(filmRef)16079	16
(filmRef)15172	13
(filmRef)15176	13
(filmRef)20290	13
(filmRef)15581	13
(filmRef)15582	13
(filmRef)15748	13
(filmRef)15583	13
(filmRef)15584	13
(filmRef)15654	13
(filmRef)15655	13
(filmRef)15731	13
(filmRef)17415	13
(filmRef)17416	13
(filmRef)2526	2
(filmRef)15197	16
(filmRef)17193	16
(filmRef)17195	16
(filmRef)17196	16
(filmRef)17197	16
(filmRef)17198	16
(filmRef)17199	16
(filmRef)17219	16
(filmRef)19622	16
(filmRef)16845	16
(filmRef)17194	16
(filmRef)18016	16
(filmRef)18017	16
(filmRef)18018	16
(filmRef)18019	16
(filmRef)18020	16
(filmRef)18021	16
(filmRef)19623	16
(filmRef)15891	7
(filmRef)15892	7
(filmRef)15893	7
(filmRef)15894	7
(filmRef)15895	7
(filmRef)15896	7
(filmRef)15897	7
(filmRef)15898	7
(filmRef)15899	7
(filmRef)15900	7
(filmRef)16443	7
(filmRef)16444	7
(filmRef)16447	7
(filmRef)16448	7
(filmRef)16506	7
(filmRef)16507	7
(filmRef)16508	7
(filmRef)16510	7
(filmRef)16511	7
(filmRef)16512	7
(filmRef)16514	7
(filmRef)16515	7
(filmRef)17374	7
(filmRef)17378	7
(filmRef)17754	7
(filmRef)17756	7
(filmRef)17757	7
(filmRef)17758	7
(filmRef)17760	7
(filmRef)17761	7
(filmRef)18195	7
(filmRef)18196	7
(filmRef)18197	7
(filmRef)18198	7
(filmRef)18199	7
(filmRef)18202	7
(filmRef)18203	7
(filmRef)18204	7
(filmRef)18205	7
(filmRef)18207	7
(filmRef)18208	7
(filmRef)18209	7
(filmRef)18210	7
(filmRef)18679	7
(filmRef)18680	7
(filmRef)18681	7
(filmRef)18682	7
(filmRef)18683	7
(filmRef)18684	7
(filmRef)18686	7
(filmRef)19148	7
(filmRef)19242	7
(filmRef)19243	7
(filmRef)19244	7
(filmRef)15460	29
(filmRef)15461	29
(filmRef)15229	47
(filmRef)15727	47
(filmRef)15237	2
(filmRef)16917	11
(filmRef)16918	11
(filmRef)16478	23
(filmRef)18709	29
(filmRef)16132	38
(filmRef)16133	38
(filmRef)16134	38
(filmRef)16135	38
(filmRef)16136	38
(filmRef)16137	38
(filmRef)16138	38
(filmRef)16139	38
(filmRef)15527	29
(filmRef)15530	29
(filmRef)18615	23
(filmRef)18616	23
(filmRef)18617	23
(filmRef)18618	23
(filmRef)18619	23
(filmRef)18620	23
(filmRef)18621	23
(filmRef)18622	23
(filmRef)18623	23
(filmRef)18624	23
(filmRef)18815	23
(filmRef)18816	23
(filmRef)18817	23
(filmRef)18818	23
(filmRef)18819	23
(filmRef)18820	23
(filmRef)18821	23
(filmRef)18822	23
(filmRef)18823	23
(filmRef)18824	23
(filmRef)4886	2
(filmRef)5244	2
(filmRef)T1954	2
(filmRef)16000	16
(filmRef)16001	16
(filmRef)16002	16
(filmRef)16006	16
(filmRef)16007	16
(filmRef)19085	11
(filmRef)19086	11
(filmRef)16450	16
(filmRef)16451	16
(filmRef)20721	7
(filmRef)20722	7
(filmRef)21015	16
(filmRef)15344	29
(filmRef)UCS0148	2
(filmRef)19604	23
(filmRef)3465	23
(filmRef)17550	16
(filmRef)17552	16
(filmRef)17553	16
(filmRef)15435	29
(filmRef)5191	2
(filmRef)5246	2
(filmRef)20147	13
(filmRef)7029	2
(filmRef)UCS0069	2
(filmRef)19038	23
(filmRef)19039	23
(filmRef)17769	29
(filmRef)15436	29
(filmRef)15494	29
(filmRef)7983	14
(filmRef)18700	29
(filmRef)18702	29
(filmRef)18705	29
(filmRef)18706	29
(filmRef)18708	29
(filmRef)18710	29
(filmRef)17632	16
(filmRef)17750	33
(filmRef)21152	16
(filmRef)21321	16
(filmRef)15518	16
(filmRef)15745	29
(filmRef)15529	29
(filmRef)15531	29
(filmRef)15532	29
(filmRef)T0297	2
(filmRef)17724	7
(filmRef)17890	7
(filmRef)18050	7
(filmRef)18053	7
(filmRef)16167	16
(filmRef)N0511	16
(filmRef)15555	16
(filmRef)15558	16
(filmRef)17110	16
(filmRef)17111	16
(filmRef)17112	16
(filmRef)17113	16
(filmRef)17114	16
(filmRef)17115	16
(filmRef)19144	7
(filmRef)19145	7
(filmRef)17019	49
(filmRef)15571	7
(filmRef)15572	7
(filmRef)15648	13
(filmRef)15751	13
(filmRef)15752	13
(filmRef)15744	29
(filmRef)15595	50
(filmRef)2811	50
(filmRef)16203	16
(filmRef)16857	16
(filmRef)16858	16
(filmRef)16859	16
(filmRef)16860	16
(filmRef)16861	16
(filmRef)16862	16
(filmRef)16970	16
(filmRef)16971	16
(filmRef)16972	16
(filmRef)16973	16
(filmRef)16974	16
(filmRef)17666	16
(filmRef)17667	16
(filmRef)16509	7
(filmRef)16513	7
(filmRef)16303	29
(filmRef)16525	29
(filmRef)16526	29
(filmRef)16527	29
(filmRef)22631	14
(filmRef)15737	13
(filmRef)15738	13
(filmRef)15746	13
(filmRef)15747	13
(filmRef)15749	13
(filmRef)7041	2
(filmRef)15668	29
(filmRef)15669	29
(filmRef)15695	29
(filmRef)15698	29
(filmRef)15703	29
(filmRef)15909	29
(filmRef)15741	29
(filmRef)15664	29
(filmRef)15665	29
(filmRef)15666	29
(filmRef)15673	29
(filmRef)15676	29
(filmRef)15677	29
(filmRef)15694	29
(filmRef)15696	29
(filmRef)15902	29
(filmRef)15903	29
(filmRef)17647	29
(filmRef)17648	29
(filmRef)17649	29
(filmRef)5523	2
(filmRef)15685	51
(filmRef)15686	51
(filmRef)20382	13
(filmRef)20383	13
(filmRef)15742	29
(filmRef)17551	16
(filmRef)15769	52
(filmRef)15770	52
(filmRef)15771	52
(filmRef)15772	52
(filmRef)15773	52
(filmRef)15774	52
(filmRef)22783	14
(filmRef)22784	14
(filmRef)15793	53
(filmRef)15794	53
(filmRef)T0143	2
(filmRef)15995	16
(filmRef)15810	16
(filmRef)15811	16
(filmRef)15812	16
(filmRef)15813	16
(filmRef)15814	16
(filmRef)15815	16
(filmRef)15816	16
(filmRef)15817	16
(filmRef)15818	16
(filmRef)15819	16
(filmRef)15820	16
(filmRef)15821	16
(filmRef)15822	16
(filmRef)15823	16
(filmRef)20995	23
(filmRef)18476	49
(filmRef)15882	44
(filmRef)15883	44
(filmRef)15884	44
(filmRef)15885	44
(filmRef)15886	44
(filmRef)15887	44
(filmRef)16365	44
(filmRef)16416	44
(filmRef)18963	44
(filmRef)16936	38
(filmRef)17755	7
(filmRef)18200	7
(filmRef)18234	38
(filmRef)18685	7
(filmRef)17865	7
(filmRef)18533	7
(filmRef)18537	7
(filmRef)18639	7
(filmRef)18691	7
(filmRef)19062	7
(filmRef)19252	7
(filmRef)19253	7
(filmRef)18274	7
(filmRef)16793	7
(filmRef)19323	7
(filmRef)17822	38
(filmRef)17824	38
(filmRef)17828	38
(filmRef)17857	38
(filmRef)17859	38
(filmRef)19193	7
(filmRef)15981	13
(filmRef)15982	13
(filmRef)15983	13
(filmRef)15985	13
(filmRef)15986	13
(filmRef)15987	13
(filmRef)15988	13
(filmRef)2030	13
(filmRef)T1906	2
(filmRef)15996	16
(filmRef)15997	16
(filmRef)16005	16
(filmRef)17518	16
(filmRef)17519	16
(filmRef)17520	16
(filmRef)17521	16
(filmRef)17522	16
(filmRef)18171	33
(filmRef)18172	33
(filmRef)17894	16
(filmRef)17945	49
(filmRef)18173	33
(filmRef)T1444	2
(filmRef)16271	16
(filmRef)16281	16
(filmRef)21318	16
(filmRef)17254	16
(filmRef)16064	16
(filmRef)21299	23
(filmRef)16149	16
(filmRef)17883	7
(filmRef)18043	7
(filmRef)16147	16
(filmRef)16161	16
(filmRef)16171	16
(filmRef)16172	16
(filmRef)16173	16
(filmRef)16174	16
(filmRef)19245	7
(filmRef)19322	7
(filmRef)20185	7
(filmRef)20192	7
(filmRef)20724	16
(filmRef)20736	16
(filmRef)20744	16
(filmRef)20746	16
(filmRef)21293	23
(filmRef)20735	16
(filmRef)20745	16
(filmRef)16192	54
(filmRef)16193	54
(filmRef)16194	54
(filmRef)18454	33
(filmRef)18457	33
(filmRef)18964	44
(filmRef)17405	11
(filmRef)17406	11
(filmRef)UCS0170	11
(filmRef)UCS0090	2
(filmRef)UCS0122	2
(filmRef)UCS0071	2
(filmRef)17142	7
(filmRef)17150	7
(filmRef)16238	44
(filmRef)16242	44
(filmRef)16243	44
(filmRef)16293	44
(filmRef)16581	44
(filmRef)18058	44
(filmRef)18059	44
(filmRef)18060	44
(filmRef)18061	44
(filmRef)18062	44
(filmRef)18063	44
(filmRef)18064	44
(filmRef)18065	44
(filmRef)18066	44
(filmRef)18067	44
(filmRef)18069	44
(filmRef)18344	44
(filmRef)18345	44
(filmRef)18346	44
(filmRef)18347	44
(filmRef)18348	44
(filmRef)18349	44
(filmRef)18350	44
(filmRef)18351	44
(filmRef)18462	44
(filmRef)18463	44
(filmRef)18464	44
(filmRef)18465	44
(filmRef)18466	44
(filmRef)18467	44
(filmRef)18468	44
(filmRef)18469	44
(filmRef)18470	44
(filmRef)18471	44
(filmRef)18472	44
(filmRef)18473	44
(filmRef)20763	7
(filmRef)18384	38
(filmRef)18386	38
(filmRef)18390	38
(filmRef)4844	2
(filmRef)17529	38
(filmRef)17786	38
(filmRef)17787	38
(filmRef)17931	38
(filmRef)17967	38
(filmRef)18733	38
(filmRef)16258	55
(filmRef)16259	55
(filmRef)16260	55
(filmRef)16261	55
(filmRef)16262	55
(filmRef)16275	56
(filmRef)16409	56
(filmRef)16410	56
(filmRef)20754	7
(filmRef)20755	7
(filmRef)T0160	16
(filmRef)16295	16
(filmRef)16296	16
(filmRef)16297	16
(filmRef)16318	16
(filmRef)16299	57
(filmRef)16300	57
(filmRef)16958	29
(filmRef)19190	7
(filmRef)18947	7
(filmRef)19454	44
(filmRef)17222	7
(filmRef)17223	7
(filmRef)17308	7
(filmRef)17633	7
(filmRef)17634	7
(filmRef)17636	7
(filmRef)17654	7
(filmRef)17655	7
(filmRef)18637	7
(filmRef)18638	7
(filmRef)18690	7
(filmRef)18692	7
(filmRef)19021	7
(filmRef)19023	7
(filmRef)19024	7
(filmRef)19319	7
(filmRef)19320	7
(filmRef)19321	7
(filmRef)16473	16
(filmRef)17558	33
(filmRef)16370	44
(filmRef)16417	44
(filmRef)16398	58
(filmRef)16399	58
(filmRef)16400	58
(filmRef)16401	58
(filmRef)16402	58
(filmRef)18008	23
(filmRef)18009	23
(filmRef)18010	23
(filmRef)18011	23
(filmRef)18012	23
(filmRef)18013	23
(filmRef)18014	23
(filmRef)18015	23
(filmRef)18911	29
(filmRef)2926	13
(filmRef)4155	2
(filmRef)4170	2
(filmRef)17503	7
(filmRef)17545	7
(filmRef)18640	38
(filmRef)18641	38
(filmRef)19247	7
(filmRef)16459	59
(filmRef)16934	59
(filmRef)16465	7
(filmRef)16466	7
(filmRef)17504	7
(filmRef)17579	7
(filmRef)17581	7
(filmRef)17582	7
(filmRef)16468	16
(filmRef)16471	16
(filmRef)16474	16
(filmRef)18088	16
(filmRef)18098	16
(filmRef)17714	16
(filmRef)17780	16
(filmRef)19105	16
(filmRef)17715	16
(filmRef)17781	16
(filmRef)6927	2
(filmRef)16482	23
(filmRef)16483	23
(filmRef)16484	23
(filmRef)16485	23
(filmRef)17133	7
(filmRef)17134	7
(filmRef)17135	7
(filmRef)17136	7
(filmRef)17137	7
(filmRef)17138	7
(filmRef)17139	7
(filmRef)17140	7
(filmRef)17154	7
(filmRef)17155	7
(filmRef)17210	7
(filmRef)17211	7
(filmRef)17218	7
(filmRef)17306	7
(filmRef)17461	7
(filmRef)17492	7
(filmRef)17564	7
(filmRef)17640	7
(filmRef)17670	7
(filmRef)17735	7
(filmRef)17740	7
(filmRef)19060	7
(filmRef)16528	7
(filmRef)16529	7
(filmRef)16530	7
(filmRef)19249	7
(filmRef)16563	60
(filmRef)16564	60
(filmRef)19461	29
(filmRef)N0390	2
(filmRef)5297	2
(filmRef)UCS0144	2
(filmRef)UCS0134	2
(filmRef)19460	29
(filmRef)19462	29
(filmRef)19463	29
(filmRef)5232	2
(filmRef)18326	7
(filmRef)18648	7
(filmRef)18799	7
(filmRef)18800	7
(filmRef)18802	7
(filmRef)19011	7
(filmRef)19012	7
(filmRef)19089	7
(filmRef)19100	7
(filmRef)19130	7
(filmRef)19150	7
(filmRef)19151	7
(filmRef)19152	7
(filmRef)16818	33
(filmRef)16819	33
(filmRef)16820	33
(filmRef)16821	33
(filmRef)16851	61
(filmRef)17809	61
(filmRef)18228	61
(filmRef)16853	38
(filmRef)18236	38
(filmRef)18324	7
(filmRef)18649	7
(filmRef)22735	14
(filmRef)2923	13
(filmRef)2925	13
(filmRef)19455	44
(filmRef)19457	44
(filmRef)18360	44
(filmRef)18361	44
(filmRef)20719	7
(filmRef)20985	23
(filmRef)17615	11
(filmRef)17616	11
(filmRef)17617	11
(filmRef)17618	11
(filmRef)17619	11
(filmRef)18150	11
(filmRef)18151	11
(filmRef)18152	11
(filmRef)18153	11
(filmRef)18154	11
(filmRef)18155	11
(filmRef)18156	11
(filmRef)18157	11
(filmRef)19269	11
(filmRef)21342	23
(filmRef)UCS0061	2
(filmRef)17012	49
(filmRef)17013	49
(filmRef)17014	49
(filmRef)17015	49
(filmRef)17016	49
(filmRef)17017	49
(filmRef)17018	49
(filmRef)17020	49
(filmRef)17021	49
(filmRef)17022	49
(filmRef)17023	49
(filmRef)17024	49
(filmRef)17025	49
(filmRef)17026	49
(filmRef)17027	49
(filmRef)17028	49
(filmRef)17029	49
(filmRef)17030	49
(filmRef)17119	49
(filmRef)17120	49
(filmRef)17121	49
(filmRef)17122	49
(filmRef)17123	49
(filmRef)17156	49
(filmRef)17157	49
(filmRef)17158	49
(filmRef)17159	49
(filmRef)17160	49
(filmRef)17567	49
(filmRef)17568	49
(filmRef)17569	49
(filmRef)17741	49
(filmRef)17742	49
(filmRef)17743	49
(filmRef)17744	49
(filmRef)17745	49
(filmRef)17941	49
(filmRef)17942	49
(filmRef)17943	49
(filmRef)17944	49
(filmRef)17946	49
(filmRef)17947	49
(filmRef)17949	49
(filmRef)17950	49
(filmRef)18497	49
(filmRef)18498	49
(filmRef)18500	49
(filmRef)18501	49
(filmRef)18502	49
(filmRef)18503	49
(filmRef)18504	49
(filmRef)18505	49
(filmRef)18506	49
(filmRef)18475	49
(filmRef)17126	62
(filmRef)17128	62
(filmRef)17537	33
(filmRef)17538	33
(filmRef)17539	33
(filmRef)17541	33
(filmRef)17544	33
(filmRef)17713	16
(filmRef)17779	16
(filmRef)19102	16
(filmRef)17718	16
(filmRef)17784	16
(filmRef)17167	63
(filmRef)17217	63
(filmRef)17169	2
(filmRef)18311	2
(filmRef)3328	2
(filmRef)UCS0111	2
(filmRef)UCS0194	2
(filmRef)17174	7
(filmRef)17176	7
(filmRef)17200	23
(filmRef)17201	23
(filmRef)17202	23
(filmRef)17203	23
(filmRef)17204	23
(filmRef)17205	23
(filmRef)17206	23
(filmRef)17207	23
(filmRef)17208	23
(filmRef)18695	0
(filmRef)18534	7
(filmRef)18535	7
(filmRef)18536	7
(filmRef)18948	7
(filmRef)17507	38
(filmRef)17508	38
(filmRef)17509	38
(filmRef)17511	38
(filmRef)17785	38
(filmRef)17929	38
(filmRef)17930	38
(filmRef)17966	38
(filmRef)17968	38
(filmRef)18388	38
(filmRef)18389	38
(filmRef)18652	38
(filmRef)18653	38
(filmRef)18657	38
(filmRef)18660	38
(filmRef)18661	38
(filmRef)18662	38
(filmRef)18663	38
(filmRef)18664	38
(filmRef)18665	38
(filmRef)18734	38
(filmRef)18870	38
(filmRef)18871	38
(filmRef)18872	38
(filmRef)18873	38
(filmRef)18874	38
(filmRef)18875	38
(filmRef)18876	38
(filmRef)18877	38
(filmRef)18878	38
(filmRef)18879	38
(filmRef)18880	38
(filmRef)18881	38
(filmRef)18882	38
(filmRef)18883	38
(filmRef)18884	38
(filmRef)18885	38
(filmRef)18886	38
(filmRef)18996	38
(filmRef)18997	38
(filmRef)18998	38
(filmRef)19349	38
(filmRef)19397	38
(filmRef)19398	38
(filmRef)19399	38
(filmRef)19465	38
(filmRef)19466	38
(filmRef)19467	38
(filmRef)17510	38
(filmRef)17530	38
(filmRef)18809	38
(filmRef)18949	38
(filmRef)17523	16
(filmRef)17751	33
(filmRef)17752	33
(filmRef)17810	33
(filmRef)17811	33
(filmRef)17812	33
(filmRef)17813	33
(filmRef)17814	33
(filmRef)17815	33
(filmRef)17817	33
(filmRef)17818	33
(filmRef)17819	33
(filmRef)17820	33
(filmRef)17962	33
(filmRef)18101	33
(filmRef)18103	33
(filmRef)18169	33
(filmRef)18170	33
(filmRef)18179	33
(filmRef)17554	16
(filmRef)18238	16
(filmRef)18554	23
(filmRef)18555	23
(filmRef)18556	23
(filmRef)18557	23
(filmRef)18558	23
(filmRef)18559	23
(filmRef)18560	23
(filmRef)18561	23
(filmRef)18999	23
(filmRef)19000	23
(filmRef)19001	23
(filmRef)19002	23
(filmRef)19003	23
(filmRef)19004	23
(filmRef)19005	23
(filmRef)19006	23
(filmRef)19007	23
(filmRef)19008	23
(filmRef)21329	23
(filmRef)21332	23
(filmRef)22081	14
(filmRef)17594	3
(filmRef)17595	3
(filmRef)17631	16
(filmRef)18801	7
(filmRef)19129	7
(filmRef)18538	7
(filmRef)UCS0040	2
(filmRef)UCS0075	2
(filmRef)UCS0102	2
(filmRef)5109	2
(filmRef)5110	2
(filmRef)19450	44
(filmRef)17716	16
(filmRef)17717	16
(filmRef)17782	16
(filmRef)17783	16
(filmRef)18081	16
(filmRef)18082	16
(filmRef)18083	16
(filmRef)18084	16
(filmRef)18085	16
(filmRef)18086	16
(filmRef)18087	16
(filmRef)18089	16
(filmRef)18090	16
(filmRef)18091	16
(filmRef)18092	16
(filmRef)18093	16
(filmRef)18094	16
(filmRef)18095	16
(filmRef)18096	16
(filmRef)18097	16
(filmRef)18099	16
(filmRef)18100	16
(filmRef)19101	16
(filmRef)17725	7
(filmRef)17726	7
(filmRef)17727	7
(filmRef)17728	7
(filmRef)17872	7
(filmRef)17873	7
(filmRef)17874	7
(filmRef)17875	7
(filmRef)17876	7
(filmRef)17877	7
(filmRef)17878	7
(filmRef)17879	7
(filmRef)17880	7
(filmRef)17881	7
(filmRef)17882	7
(filmRef)17884	7
(filmRef)17885	7
(filmRef)17886	7
(filmRef)17887	7
(filmRef)17888	7
(filmRef)17889	7
(filmRef)17891	7
(filmRef)18032	7
(filmRef)18033	7
(filmRef)18034	7
(filmRef)18035	7
(filmRef)18036	7
(filmRef)18037	7
(filmRef)18038	7
(filmRef)18039	7
(filmRef)18040	7
(filmRef)18041	7
(filmRef)18042	7
(filmRef)18044	7
(filmRef)18045	7
(filmRef)18046	7
(filmRef)18047	7
(filmRef)18048	7
(filmRef)18049	7
(filmRef)18051	7
(filmRef)18052	7
(filmRef)18054	7
(filmRef)18055	7
(filmRef)18056	7
(filmRef)18057	7
(filmRef)17746	6
(filmRef)18310	6
(filmRef)18912	29
(filmRef)18913	29
(filmRef)17788	10
(filmRef)17789	10
(filmRef)17790	10
(filmRef)17791	10
(filmRef)17792	10
(filmRef)17793	10
(filmRef)17826	13
(filmRef)17827	13
(filmRef)17976	13
(filmRef)17977	13
(filmRef)17981	13
(filmRef)17982	13
(filmRef)17983	13
(filmRef)17984	13
(filmRef)17985	13
(filmRef)17986	13
(filmRef)17987	13
(filmRef)17988	13
(filmRef)18119	13
(filmRef)18120	13
(filmRef)18123	13
(filmRef)18124	13
(filmRef)18129	13
(filmRef)18130	13
(filmRef)17862	38
(filmRef)17867	38
(filmRef)17893	16
(filmRef)17895	16
(filmRef)18847	16
(filmRef)18848	16
(filmRef)18125	13
(filmRef)18126	13
(filmRef)18127	13
(filmRef)18128	13
(filmRef)18121	13
(filmRef)18122	13
(filmRef)17990	29
(filmRef)18007	23
(filmRef)20991	23
(filmRef)20997	23
(filmRef)21001	23
(filmRef)21098	23
(filmRef)UCS0088	2
(filmRef)18539	7
(filmRef)18186	49
(filmRef)18187	49
(filmRef)18188	49
(filmRef)18189	49
(filmRef)20260	29
(filmRef)20668	29
(filmRef)4701	7
(filmRef)4709	7
(filmRef)4710	7
(filmRef)4711	7
(filmRef)4712	7
(filmRef)18239	16
(filmRef)18240	16
(filmRef)18241	0
(filmRef)18244	0
(filmRef)18694	0
(filmRef)18696	0
(filmRef)18697	0
(filmRef)18278	16
(filmRef)18279	16
(filmRef)18280	16
(filmRef)18281	16
(filmRef)18282	16
(filmRef)18283	16
(filmRef)18284	16
(filmRef)18759	16
(filmRef)18762	16
(filmRef)18767	16
(filmRef)18566	38
(filmRef)18567	38
(filmRef)18325	7
(filmRef)18647	7
(filmRef)19254	7
(filmRef)19275	7
(filmRef)18331	12
(filmRef)18332	12
(filmRef)18333	12
(filmRef)18334	12
(filmRef)18338	49
(filmRef)18340	49
(filmRef)18362	44
(filmRef)18363	44
(filmRef)18364	44
(filmRef)18366	44
(filmRef)18367	44
(filmRef)5059	2
(filmRef)18487	15
(filmRef)18488	15
(filmRef)18489	15
(filmRef)18490	15
(filmRef)18491	15
(filmRef)18492	15
(filmRef)18494	18
(filmRef)18495	18
(filmRef)18496	18
(filmRef)18909	18
(filmRef)18596	23
(filmRef)18570	18
(filmRef)18571	18
(filmRef)18572	18
(filmRef)18918	18
(filmRef)18919	18
(filmRef)18920	18
(filmRef)18905	18
(filmRef)18906	18
(filmRef)18597	23
(filmRef)18598	23
(filmRef)18599	23
(filmRef)18600	23
(filmRef)18601	23
(filmRef)19456	44
(filmRef)20178	35
(filmRef)18789	21
(filmRef)18790	21
(filmRef)18791	21
(filmRef)19056	7
(filmRef)19107	7
(filmRef)18907	18
(filmRef)18908	18
(filmRef)18933	22
(filmRef)18934	22
(filmRef)21367	23
(filmRef)19108	25
(filmRef)19109	25
(filmRef)19191	7
(filmRef)19188	7
(filmRef)19189	7
(filmRef)T1856	2
(filmRef)19448	44
(filmRef)19453	44
(filmRef)19674	2
(filmRef)19675	2
(filmRef)19705	7
(filmRef)UCS0048	2
(filmRef)UCS0176	2
(filmRef)UCS0177	2
(filmRef)UCS0172	2
(filmRef)UCS0062	2
(filmRef)UCS0027	2
(filmRef)3468	23
(filmRef)5100	2
(filmRef)20177	35
(filmRef)4218	2
(filmRef)4761	2
(filmRef)4965	2
(filmRef)T1160	2
(filmRef)21294	23
(filmRef)21295	23
(filmRef)21296	23
(filmRef)4905	2
(filmRef)20613	2
(filmRef)20614	2
(filmRef)20615	2
(filmRef)20616	2
(filmRef)20617	2
(filmRef)20618	2
(filmRef)20619	2
(filmRef)20620	2
(filmRef)20621	2
(filmRef)20622	2
(filmRef)21315	16
(filmRef)20764	30
(filmRef)20765	30
(filmRef)21017	16
(filmRef)21019	16
(filmRef)21115	16
(filmRef)21116	16
(filmRef)21316	16
(filmRef)21317	16
(filmRef)21319	16
(filmRef)21320	16
(filmRef)21391	23
(filmRef)21392	23
(filmRef)21334	23
(filmRef)21337	23
(filmRef)21341	23
(filmRef)21344	23
(filmRef)21348	23
(filmRef)21349	23
(filmRef)21056	23
(filmRef)21058	23
(filmRef)21300	23
(filmRef)21301	23
(filmRef)21335	23
(filmRef)21338	23
(filmRef)21343	23
(filmRef)21347	23
(filmRef)21292	23
(filmRef)4880	2
(filmRef)4874	2
(filmRef)UCS0118	2
(filmRef)UCS0152	2
(filmRef)UCS0157	2
(filmRef)21219	31
(filmRef)21220	31
(filmRef)21286	32
(filmRef)21287	32
(filmRef)21288	32
(filmRef)21289	32
(filmRef)21290	32
(filmRef)21291	32
(filmRef)22581	14
(filmRef)22582	14
(filmRef)21821	34
(filmRef)21822	34
(filmRef)22209	2
(filmRef)5249	2
(filmRef)T1497	2
(filmRef)21986	14
(filmRef)21987	14
(filmRef)21988	14
(filmRef)21989	14
(filmRef)21990	14
(filmRef)21991	14
(filmRef)21992	14
(filmRef)21993	14
(filmRef)21994	14
(filmRef)21998	14
(filmRef)21999	14
(filmRef)22002	14
(filmRef)22003	14
(filmRef)22004	14
(filmRef)22005	14
(filmRef)22021	14
(filmRef)22022	14
(filmRef)22033	14
(filmRef)22034	14
(filmRef)22035	14
(filmRef)22082	14
(filmRef)22445	14
(filmRef)22456	14
(filmRef)22465	14
(filmRef)22466	14
(filmRef)22467	14
(filmRef)22468	14
(filmRef)22473	14
(filmRef)22493	14
(filmRef)22494	14
(filmRef)22538	14
(filmRef)22568	14
(filmRef)22586	14
(filmRef)22587	14
(filmRef)22598	14
(filmRef)22599	14
(filmRef)22618	14
(filmRef)22619	14
(filmRef)22637	14
(filmRef)22638	14
(filmRef)22673	14
(filmRef)22761	14
(filmRef)22936	14
(filmRef)22940	14
(filmRef)22941	14
(filmRef)22959	14
(filmRef)22960	14
(filmRef)22961	14
(filmRef)22963	14
(filmRef)22987	14
(filmRef)22988	14
(filmRef)22989	14
(filmRef)22015	14
(filmRef)22016	14
(filmRef)22060	14
(filmRef)22067	14
(filmRef)22074	14
(filmRef)22075	14
(filmRef)22446	14
(filmRef)22447	14
(filmRef)22448	14
(filmRef)22560	14
(filmRef)22563	14
(filmRef)22716	14
(filmRef)22729	14
(filmRef)22730	14
(filmRef)22777	14
(filmRef)22930	14
(filmRef)22943	14
(filmRef)2921	13
(filmRef)22948	14
(filmRef)22949	14
(filmRef)22800	14
(filmRef)22570	14
(filmRef)22952	14
(filmRef)22066	14
(filmRef)22513	14
(filmRef)22613	14
(filmRef)22951	14
(filmRef)22006	14
(filmRef)22007	14
(filmRef)22527	14
(filmRef)22526	14
(filmRef)22535	14
(filmRef)22562	14
(filmRef)22569	14
(filmRef)22624	14
(filmRef)22626	14
(filmRef)22058	14
(filmRef)22065	14
(filmRef)22604	14
(filmRef)22605	14
(filmRef)22608	14
(filmRef)22642	14
(filmRef)22643	14
(filmRef)22717	14
(filmRef)22929	14
(filmRef)22061	14
(filmRef)22064	14
(filmRef)22710	14
(filmRef)22932	14
(filmRef)22514	14
(filmRef)22778	14
(filmRef)22939	14
(filmRef)22709	14
(filmRef)5275	2
(filmRef)22801	14
(filmRef)22512	14
(filmRef)UCS0146	2
(filmRef)2420	14
(filmRef)5257	2
(filmRef)8082	14
(filmRef)2305	2
(filmRef)2306	2
(filmRef)2419	14
(filmRef)2421	14
(filmRef)2525	2
(filmRef)2530	2
(filmRef)2737	2
(filmRef)4211	2
(filmRef)7030	2
(filmRef)2787	2
(filmRef)2788	2
(filmRef)4681	2
(filmRef)4928	2
(filmRef)T0718	2
(filmRef)T1942	2
(filmRef)T1944	2
(filmRef)T2003	2
(filmRef)4272	2
(filmRef)T1564	2
(filmRef)T1636	2
(filmRef)T1885	2
(filmRef)T1988	2
(filmRef)T1992	2
(filmRef)T2024	2
(filmRef)UCS0140	2
(filmRef)UCS0174	2
(filmRef)UCS0175	2
(filmRef)3329	2
(filmRef)7022	2
(filmRef)4127	11
(filmRef)4128	11
(filmRef)4129	11
(filmRef)9979	2
(filmRef)9980	2
(filmRef)4445	36
(filmRef)4445A	36
(filmRef)4758	2
(filmRef)4759	2
(filmRef)5084	2
(filmRef)5186	2
(filmRef)5254	2
(filmRef)5256	2
(filmRef)5326	2
(filmRef)5539	2
(filmRef)5545	2
(filmRef)UCS0017	2
(filmRef)UCS0026	2
(filmRef)UCS0028	2
(filmRef)UCS0031	2
(filmRef)UCS0032	2
(filmRef)UCS0036	2
(filmRef)UCS0037	2
(filmRef)UCS0038	2
(filmRef)UCS0039	2
(filmRef)UCS0055	2
(filmRef)UCS0059	2
(filmRef)UCS0095	2
(filmRef)UCS0096	2
(filmRef)UCS0104	2
(filmRef)UCS0141	2
(filmRef)UCS0145	2
(filmRef)UCS0150	2
(filmRef)UCS0078	2
(filmRef)4879	2
(filmRef)4882	2
(filmRef)4887	2
(filmRef)4924	2
(filmRef)5058	2
(filmRef)5233	2
(filmRef)5264	2
(filmRef)T1223	2
(filmRef)UCS0107	2
(filmRef)UCS0109	2
(filmRef)UCS0133	2
(filmRef)UCS0160	2
(filmRef)UCS0161	2
(filmRef)UCS0162	2
(filmRef)UCS0163	2
(filmRef)UCS0190	2
(filmRef)UCS0058	2
(filmRef)UCS0115	2
(filmRef)UCS0154	2
(filmRef)UCS0159	2
(filmRef)UCS0056	2
(filmRef)UCS0076	2
(filmRef)UCS0083	2
(filmRef)UCS0084	2
(filmRef)UCS0143	2
(filmRef)UCS0153	2
(filmRef)5312	2
(filmRef)5313	2
(filmRef)T0177	2
(filmRef)UCS0011	2
(filmRef)UCS0012	2
(filmRef)UCS0070	2
(filmRef)UCS0202	2
(filmRef)UCS0203	2
(filmRef)UCS0033	2
(filmRef)UCS0035	2
(filmRef)UCS0043	2
(filmRef)UCS0051	2
(filmRef)UCS0081	2
(filmRef)UCS0094	2
(filmRef)UCS0137	2
(filmRef)UCS0149	2
(filmRef)UCS0151	2
(filmRef)UCS0156	2
(filmRef)UCS0158	2
(filmRef)UCS0186	2
(filmRef)UCS0093	2
(filmRef)T0525	2
(filmRef)UCS0130	2
(filmRef)UCS0165	2
(filmRef)UCS0100	2
(filmRef)N0891	2
(filmRef)N0897	2
(filmRef)UCS0023	2
(filmRef)7017	2
(filmRef)7021	2
(filmRef)7023	2
(filmRef)7024	2
(filmRef)7027	2
(filmRef)7028	2
(filmRef)7031	2
(filmRef)7032	2
(filmRef)7034	2
(filmRef)7038	2
(filmRef)7040	2
(filmRef)7042	2
(filmRef)7043	2
(filmRef)7044	2
(filmRef)N0368	2
(filmRef)N0382	2
(filmRef)8090	14
(filmRef)9127	14
(filmRef)8511	37
(filmRef)8512	37
(filmRef)8513	37
(filmRef)9850	39
(filmRef)9851	39
(filmRef)9934	40
(filmRef)9935	40
(filmRef)N0150	2
(filmRef)N0393	2
(filmRef)N0457	48
(filmRef)N0458	48
(filmRef)T0328	2
(filmRef)T0329	2
(filmRef)T0178	2
(filmRef)UCS0073	2
(filmRef)UCS0013	2
(filmRef)UCS0024	2
(filmRef)UCS0030	2
(filmRef)UCS0080	2
(filmRef)UCS0136	2
(filmRef)UCS0063	2
(filmRef)UCS0064	2
(filmRef)UCS0065	2
(filmRef)UCS0066	2
(filmRef)UCS0067	2
(filmRef)UCS0085	2
(filmRef)UCS0147	2
(filmRef)UCS0123	2
(filmRef)UCS0074	2
(filmRef)UCS0164	2
(filmRef)UCS0114	2
